score,count
0,1540
1,1670
2,1790
3,1670
4,1970
5,1830
6,1570
7,1980
8,2010
9,1600
10,1820
11,2080
12,1900
13,2240
14,1920
15,1800
16,1820
17,1780
18,1710
19,2200
20,2000
21,2130
22,2310
23,1820
24,1880
25,1370
26,1770
27,1520
28,2050
29,2060
30,1960
31,2240
32,1940
33,2130
34,2300
35,2110
36,1770
37,2100
38,1550
39,2000
40,1590
41,1660
42,1920
43,2160
44,1770
45,1960
46,2050
47,1850
48,2060
49,2320
50,2650
51,2010
52,2310
53,2120
54,1970
55,1960
56,1370
57,1870
58,1490
59,2070
60,1570
61,2060
62,1580
63,2220
64,1800
65,2200
66,1710
67,2100
68,1480
69,2460
70,1870
71,2400
72,2070
73,2420
74,1780
75,2650
76,1960
77,2570
78,2170
79,1580
80,1790
81,1720
82,1740
83,2090
84,1770
85,1840
86,2180
87,1590
88,1770
89,2350
90,1470
91,1620
92,2380
93,1670
94,1850
95,2480
96,1880
97,2030
98,2120
99,1880
100,1770
101,2800
102,1820
103,1790
104,2400
105,1790
106,1810
107,2850
108,2030
109,1970
110,2870
111,1990
112,2090
113,1140
114,1980
115,1250
116,1940
117,2230
118,1360
119,1990
120,1470
121,2060
122,2180
123,1330
124,2290
125,1620
126,2250
127,2220
128,1300
129,2130
130,1460
131,2270
132,2180
133,1660
134,2420
135,1530
136,2190
137,2620
138,1680
139,2540
140,1670
141,2380
142,2400
143,1420
144,2370
145,1760
146,2380
147,2290
148,1750
149,2400
150,1780
151,2550
152,2600
153,1640
154,1760
155,1930
156,1600
157,2500
158,1690
159,1830
160,1730
161,1850
162,1850
163,1870
164,1810
165,2180
166,1740
167,1910
168,1780
169,1740
170,1780
171,1790
172,2740
173,1760
174,1820
175,1980
176,2010
177,1950
178,1730
179,1880
180,2010
181,2070
182,1960
183,1990
184,1890
185,1870
186,1820
187,2620
188,1940
189,2240
190,1930
191,2190
192,1920
193,2050
194,2060
195,2050
196,2040
197,2160
198,2120
199,1960
200,1930
201,2180
202,2000
203,2950
204,2090
205,2190
206,2000
207,2080
208,1100
209,2170
210,2130
211,970
212,2120
213,2140
214,1280
215,2120
216,2110
217,1130
218,2250
219,1970
220,980
221,2030
222,2370
223,1260
224,2170
225,2300
226,880
227,2160
228,2450
229,1210
230,2350
231,2220
232,1050
233,2180
234,2300
235,1270
236,1990
237,2360
238,1250
239,2210
240,2350
241,1170
242,2290
243,2470
244,1110
245,2480
246,2450
247,2050
248,1160
249,2250
250,2290
251,1180
252,2410
253,2210
254,1090
255,2210
256,1940
257,1000
258,2410
259,2380
260,960
261,2680
262,2130
263,1300
264,2480
265,2360
266,1420
267,2460
268,2240
269,1120
270,2210
271,2390
272,1300
273,2500
274,1440
275,2400
276,1420
277,1310
278,2560
279,1200
280,2460
281,1330
282,1170
283,2620
284,1150
285,1200
286,2530
287,1470
288,2640
289,1120
290,1230
291,2560
292,1270
293,1170
294,2670
295,1190
296,2300
297,1190
298,1360
299,2670
300,1360
301,2510
302,1220
303,1300
304,2870
305,1080
306,1220
307,2490
308,1450
309,2470
310,1320
311,1410
312,2850
313,1290
314,2570
315,1260
316,1290
317,2410
318,1240
319,1310
320,2530
321,1330
322,2850
323,1130
324,1490
325,2690
326,1260
327,2760
328,1290
329,1180
330,2550
331,1350
332,1190
333,3050
334,1360
335,2840
336,1350
337,1280
338,2480
339,1390
340,1310
341,2580
342,1280
343,2920
344,1410
345,1450
346,2540
347,1390
348,2660
349,1200
350,1410
351,2610
352,1400
353,1500
354,1450
355,2980
356,1470
357,1560
358,1600
359,1290
360,1340
361,2460
362,1200
363,1300
364,1420
365,1360
366,1490
367,1600
368,2740
369,1580
370,1380
371,1460
372,1600
373,1440
374,3130
375,1470
376,1360
377,1390
378,1520
379,1440
380,2980
381,1320
382,1510
383,1300
384,1410
385,1370
386,1490
387,2790
388,1290
389,1500
390,1590
391,1510
392,1400
393,2810
394,1320
395,1560
396,1450
397,1540
398,1530
399,1600
400,2690
401,1400
402,1510
403,1190
404,1380
405,1590
406,3130
407,1630
408,1290
409,1330
410,1490
411,1530
412,1460
413,3230
414,1350
415,1440
416,1510
417,1510
418,1550
419,2820
420,1600
421,1590
422,1580
423,1490
424,1700
425,2960
426,1330
427,1470
428,1460
429,1430
430,1430
431,1530
432,3220
433,1450
434,1560
435,1490
436,1560
437,1510
438,2960
439,1420
440,1730
441,1810
442,1220
443,1600
444,1420
445,3040
446,1600
447,1660
448,1590
449,1340
450,1450
451,1360
452,1660
453,1390
454,1540
455,1670
456,1350
457,1410
458,1630
459,1310
460,1670
461,1510
462,1590
463,1540
464,1430
465,1470
466,1270
467,1590
468,1450
469,1350
470,1550
471,1660
472,1460
473,1610
474,1570
475,1550
476,1420
477,1520
478,1490
479,1520
480,1470
481,1480
482,1560
483,1410
484,1560
485,1440
486,1500
487,1380
488,1670
489,1530
490,1620
491,1590
492,1550
493,1230
494,1480
495,1430
496,1540
497,1550
498,1320
499,1570
500,1380
501,1660
502,1670
503,1330
504,1420
505,1750
506,1630
507,1470
508,1810
509,1520
510,1710
511,1510
512,1680
513,1480
514,1400
515,1670
516,1390
517,1430
518,1550
519,1530
520,1630
521,1450
522,1410
523,1690
524,1480
525,1280
526,1550
527,1650
528,1680
529,1460
530,1410
531,1400
532,1480
533,1460
534,1610
535,1590
536,1360
537,1540
538,1480
539,1600
540,1460
541,1600
542,1460
543,1890
544,1510
545,1510
546,1710
547,1630
548,1540
549,1670
550,1690
551,1670
552,1650
553,1700
554,1720
555,1820
556,1600
557,1510
558,1590
559,1410
560,1470
561,0
562,1630
563,1450
564,1570
565,1650
566,1520
567,1750
568,0
569,1400
570,1390
571,1630
572,1620
573,1710
574,1770
575,1680
576,0
577,1520
578,1780
579,1460
580,1530
581,1760
582,1430
583,0
584,1750
585,1710
586,1700
587,1510
588,1560
589,1400
590,1560
591,0
592,1770
593,1780
594,1730
595,1860
596,1570
597,1770
598,1410
599,0
600,1870
601,1780
602,1640
603,1490
604,1490
605,2080
606,0
607,1580
608,1730
609,1530
610,1720
611,1420
612,1590
613,1440
614,0
615,1580
616,1700
617,1740
618,1560
619,1790
620,1670
621,0
622,1700
623,1530
624,1480
625,1800
626,1770
627,1730
628,1580
629,0
630,1610
631,1570
632,1600
633,1470
634,1660
635,1650
636,0
637,1700
638,1850
639,1630
640,1710
641,1820
642,1660
643,1440
644,0
645,1560
646,1670
647,1550
648,1750
649,1510
650,1480
651,0
652,1580
653,1470
654,1690
655,1860
656,1440
657,1860
658,1580
659,0
660,1650
661,1590
662,1900
663,1490
664,1630
665,1490
666,0
667,1410
668,1820
669,1340
670,1850
671,1440
672,1570
673,1510
674,0
675,1820
676,1620
677,1580
678,1600
679,1660
680,1600
681,1590
682,0
683,1300
684,1620
685,1700
686,1510
687,1670
688,0
689,1690
690,1630
691,1680
692,0
693,1830
694,1860
695,1760
696,0
697,1910
698,1610
699,1570
700,0
701,1410
702,1550
703,1790
704,0
705,1840
706,1730
707,1830
708,0
709,1700
710,1740
711,1540
712,0
713,1660
714,1690
715,1700
716,1740
717,0
718,1460
719,1500
720,1770
721,0
722,1600
723,1700
724,1400
725,0
726,1520
727,1610
728,1550
729,0
730,1630
731,1660
732,1510
733,0
734,1460
735,1490
736,1620
737,0
738,1630
739,1660
740,1600
741,0
742,1530
743,1710
744,1760
745,1500
746,0
747,1740
748,1710
749,1820
750,0
751,1700
752,1600
753,1710
754,0
755,1600
756,1550
757,1340
758,0
759,1560
760,1550
761,1550
762,0
763,1610
764,1660
765,1800
766,0
767,1730
768,1350
769,1770
770,0
771,1760
772,1730
773,1510
774,1770
775,0
776,1620
777,1530
778,1670
779,0
780,1530
781,1550
782,1530
783,0
784,1560
785,1720
786,1410
787,0
788,1620
789,1600
790,1810
791,0
792,1630
793,1710
794,1550
795,0
796,1350
797,1600
798,1460
799,0
800,1520
801,1740
802,1660
803,0
804,1480
805,1810
806,1460
807,1740
808,0
809,1540
810,1540
811,1320
812,0
813,1770
814,1520
815,1450
816,0
817,1440
818,1580
819,1570
820,0
821,1450
822,1640
823,1540
824,0
825,1700
826,1730
827,1510
828,0
829,1510
830,1510
831,1700
832,0
833,1580
834,1760
835,0
836,1340
837,1690
838,0
839,1440
840,1800
841,1710
842,0
843,1250
844,1490
845,0
846,1830
847,1450
848,0
849,1550
850,1690
851,0
852,1620
853,1570
854,0
855,1730
856,1430
857,0
858,1390
859,1530
860,0
861,1530
862,1420
863,1630
864,0
865,1610
866,1670
867,0
868,1510
869,1800
870,0
871,1400
872,1500
873,0
874,1540
875,1670
876,0
877,1630
878,1490
879,0
880,1540
881,1500
882,0
883,1550
884,1670
885,1530
886,0
887,1440
888,1440
889,0
890,1540
891,1490
892,0
893,1690
894,1510
895,0
896,1570
897,1690
898,0
899,1680
900,1610
901,0
902,1490
903,1490
904,0
905,1530
906,1510
907,0
908,1510
909,1400
910,1590
911,0
912,1480
913,1570
914,0
915,1640
916,1570
917,0
918,1720
919,1560
920,0
921,1750
922,1440
923,0
924,1480
925,1430
926,0
927,1530
928,1430
929,0
930,1800
931,1560
932,1790
933,0
934,1520
935,1620
936,0
937,1750
938,1360
939,0
940,1370
941,1390
942,0
943,1660
944,1740
945,0
946,1650
947,1650
948,0
949,1410
950,1410
951,0
952,1510
953,1660
954,1440
955,0
956,1740
957,1530
958,0
959,1640
960,1550
961,0
962,1630
963,1580
964,0
965,1410
966,1350
967,0
968,1640
969,1520
970,0
971,1360
972,1420
973,0
974,1530
975,1470
976,1560
977,0
978,1660
979,1760
980,0
981,1460
982,1310
983,0
984,1470
985,1490
986,0
987,1620
988,1710
989,0
990,1520
991,1720
992,0
993,1420
994,1520
995,0
996,1410
997,1440
998,0
999,1530
1000,0
1001,1470
1002,1510
1003,0
1004,1450
1005,1400
1006,0
1007,1470
1008,1520
1009,0
1010,1430
1011,0
1012,1320
1013,1570
1014,0
1015,1430
1016,1580
1017,0
1018,1540
1019,0
1020,1330
1021,1380
1022,0
1023,1540
1024,1470
1025,0
1026,1340
1027,1230
1028,0
1029,1650
1030,0
1031,1340
1032,1400
1033,0
1034,1420
1035,1660
1036,0
1037,1690
1038,0
1039,1400
1040,1580
1041,0
1042,1460
1043,1470
1044,0
1045,1660
1046,0
1047,1330
1048,1400
1049,0
1050,1460
1051,1560
1052,0
1053,1560
1054,1580
1055,0
1056,1360
1057,0
1058,1510
1059,1400
1060,0
1061,1590
1062,1480
1063,0
1064,1590
1065,0
1066,1580
1067,1410
1068,0
1069,1280
1070,1420
1071,0
1072,1770
1073,1540
1074,0
1075,1510
1076,0
1077,1530
1078,1630
1079,0
1080,1480
1081,1330
1082,0
1083,1540
1084,0
1085,1520
1086,1410
1087,0
1088,1670
1089,1470
1090,0
1091,1440
1092,1500
1093,0
1094,1340
1095,0
1096,1410
1097,1450
1098,0
1099,1630
1100,1300
1101,0
1102,1350
1103,0
1104,1390
1105,1500
1106,0
1107,1290
1108,1620
1109,0
1110,1440
1111,0
1112,1450
1113,1410
1114,0
1115,1470
1116,1410
1117,0
1118,1490
1119,1570
1120,0
1121,1400
1122,0
1123,1350
1124,1390
1125,0
1126,1460
1127,1330
1128,0
1129,1360
1130,0
1131,1610
1132,1290
1133,0
1134,1230
1135,1440
1136,0
1137,1480
1138,1340
1139,0
1140,1240
1141,0
1142,1470
1143,1430
1144,0
1145,1340
1146,1500
1147,0
1148,1250
1149,0
1150,1300
1151,1410
1152,0
1153,1320
1154,1230
1155,0
1156,1380
1157,1350
1158,0
1159,1430
1160,0
1161,1320
1162,1290
1163,0
1164,1490
1165,1460
1166,0
1167,1410
1168,0
1169,1260
1170,1510
1171,0
1172,1520
1173,0
1174,1310
1175,0
1176,1360
1177,1240
1178,0
1179,1150
1180,0
1181,1290
1182,0
1183,1580
1184,1390
1185,0
1186,1300
1187,0
1188,1310
1189,0
1190,1430
1191,1460
1192,0
1193,1500
1194,0
1195,1260
1196,1360
1197,0
1198,1500
1199,0
1200,1400
1201,0
1202,1460
1203,1460
1204,0
1205,1320
1206,0
1207,1420
1208,0
1209,1510
1210,1220
1211,0
1212,1240
1213,0
1214,1640
1215,0
1216,1230
1217,1340
1218,0
1219,1400
1220,0
1221,1480
1222,0
1223,1460
1224,1430
1225,0
1226,1320
1227,0
1228,1270
1229,0
1230,1330
1231,1450
1232,0
1233,1100
1234,0
1235,1410
1236,1500
1237,0
1238,1540
1239,0
1240,1490
1241,0
1242,1370
1243,1290
1244,0
1245,1590
1246,0
1247,1240
1248,0
1249,1240
1250,1360
1251,0
1252,1500
1253,0
1254,1420
1255,0
1256,1410
1257,1560
1258,0
1259,1250
1260,0
1261,1220
1262,0
1263,1240
1264,1390
1265,0
1266,1320
1267,0
1268,1210
1269,0
1270,1500
1271,1300
1272,0
1273,1100
1274,0
1275,1190
1276,1350
1277,0
1278,1380
1279,0
1280,1100
1281,0
1282,1270
1283,1460
1284,0
1285,1320
1286,0
1287,1410
1288,0
1289,1470
1290,1220
1291,0
1292,1320
1293,0
1294,1330
1295,0
1296,1200
1297,1300
1298,0
1299,1470
1300,0
1301,1210
1302,0
1303,1410
1304,1230
1305,0
1306,1250
1307,0
1308,1110
1309,1200
1310,0
1311,1300
1312,0
1313,1070
1314,0
1315,1200
1316,1350
1317,0
1318,1350
1319,0
1320,1240
1321,0
1322,1490
1323,1350
1324,0
1325,1220
1326,0
1327,1320
1328,0
1329,1490
1330,1240
1331,0
1332,1330
1333,0
1334,1270
1335,0
1336,1140
1337,1390
1338,0
1339,1090
1340,0
1341,1180
1342,0
1343,1190
1344,1230
1345,0
1346,1200
1347,0
1348,1350
1349,1360
1350,0
1351,1370
1352,0
1353,1350
1354,0
1355,1380
1356,1210
1357,0
1358,1190
1359,0
1360,1000
1361,0
1362,1330
1363,0
1364,1110
1365,0
1366,1260
1367,0
1368,1150
1369,940
1370,0
1371,1240
1372,0
1373,1530
1374,0
1375,1110
1376,0
1377,1190
1378,0
1379,1190
1380,0
1381,1110
1382,0
1383,1140
1384,0
1385,1460
1386,1160
1387,0
1388,1290
1389,0
1390,1110
1391,0
1392,1260
1393,0
1394,1140
1395,0
1396,1180
1397,0
1398,1250
1399,0
1400,1170
1401,0
1402,1190
1403,0
1404,1020
1405,1240
1406,0
1407,1180
1408,0
1409,1250
1410,0
1411,1170
1412,0
1413,1270
1414,0
1415,1150
1416,0
1417,1360
1418,0
1419,1180
1420,0
1421,1250
1422,0
1423,1370
1424,1130
1425,0
1426,1270
1427,0
1428,1140
1429,0
1430,1270
1431,0
1432,1110
1433,0
1434,1160
1435,0
1436,1200
1437,0
1438,1120
1439,0
1440,1000
1441,1120
1442,0
1443,1120
1444,0
1445,1260
1446,0
1447,1160
1448,0
1449,1010
1450,0
1451,1160
1452,0
1453,1290
1454,0
1455,1060
1456,0
1457,1340
1458,0
1459,1040
1460,950
1461,0
1462,1210
1463,0
1464,1140
1465,0
1466,1180
1467,0
1468,1270
1469,0
1470,1180
1471,0
1472,1280
1473,0
1474,1370
1475,0
1476,1040
1477,1260
1478,0
1479,1380
1480,0
1481,1070
1482,0
1483,1140
1484,0
1485,1230
1486,0
1487,1080
1488,0
1489,1190
1490,0
1491,1050
1492,0
1493,1130
1494,0
1495,850
1496,1180
1497,0
1498,1000
1499,0
1500,1190
1501,0
1502,1050
1503,0
1504,1220
1505,0
1506,1230
1507,0
1508,1150
1509,0
1510,1040
1511,0
1512,1280
1513,0
1514,960
1515,1280
1516,0
1517,1150
1518,0
1519,1150
1520,0
1521,1100
1522,0
1523,1070
1524,0
1525,1210
1526,0
1527,1150
1528,0
1529,1280
1530,0
1531,1140
1532,1000
1533,0
1534,1160
1535,0
1536,1210
1537,0
1538,1240
1539,0
1540,1060
1541,0
1542,1070
1543,0
1544,1200
1545,0
1546,1170
1547,0
1548,950
1549,0
1550,950
1551,1100
1552,0
1553,1000
1554,0
1555,1370
1556,0
1557,1210
1558,0
1559,1280
1560,0
1561,1070
1562,0
1563,1250
1564,0
1565,1250
1566,0
1567,1000
1568,0
1569,960
1570,0
1571,1330
1572,0
1573,1040
1574,0
1575,1130
1576,0
1577,1140
1578,0
1579,1060
1580,0
1581,1120
1582,0
1583,1050
1584,0
1585,1120
1586,0
1587,1020
1588,0
1589,1000
1590,0
1591,1100
1592,0
1593,980
1594,0
1595,1150
1596,0
1597,1150
1598,0
1599,1120
1600,0
1601,980
1602,0
1603,0
1604,1120
1605,0
1606,1110
1607,0
1608,1000
1609,0
1610,1140
1611,0
1612,1060
1613,0
1614,1130
1615,0
1616,1090
1617,0
1618,1180
1619,0
1620,860
1621,0
1622,1030
1623,0
1624,1020
1625,0
1626,1050
1627,0
1628,1040
1629,0
1630,1010
1631,0
1632,1190
1633,0
1634,1010
1635,0
1636,0
1637,1160
1638,0
1639,970
1640,0
1641,890
1642,0
1643,1050
1644,0
1645,1100
1646,0
1647,1120
1648,0
1649,1070
1650,0
1651,1080
1652,0
1653,1140
1654,0
1655,1370
1656,0
1657,1110
1658,0
1659,860
1660,0
1661,1190
1662,0
1663,990
1664,0
1665,1040
1666,0
1667,1060
1668,0
1669,0
1670,1190
1671,0
1672,1140
1673,0
1674,990
1675,0
1676,1000
1677,0
1678,1310
1679,0
1680,1000
1681,0
1682,1000
1683,0
1684,1040
1685,0
1686,1230
1687,0
1688,860
1689,0
1690,1190
1691,0
1692,1110
1693,0
1694,1060
1695,0
1696,1040
1697,0
1698,940
1699,0
1700,1030
1701,0
1702,980
1703,0
1704,0
1705,1000
1706,0
1707,1010
1708,0
1709,1020
1710,0
1711,970
1712,0
1713,1070
1714,0
1715,1090
1716,0
1717,1230
1718,0
1719,750
1720,0
1721,850
1722,0
1723,1000
1724,0
1725,1040
1726,0
1727,1000
1728,0
1729,740
1730,0
1731,910
1732,0
1733,1020
1734,0
1735,930
1736,0
1737,0
1738,830
1739,0
1740,1210
1741,0
1742,990
1743,0
1744,1040
1745,0
1746,1020
1747,0
1748,970
1749,0
1750,990
1751,0
1752,890
1753,0
1754,910
1755,0
1756,1010
1757,0
1758,950
1759,0
1760,1030
1761,0
1762,880
1763,0
1764,1100
1765,0
1766,810
1767,0
1768,950
1769,0
1770,1030
1771,0
1772,0
1773,1050
1774,0
1775,840
1776,0
1777,820
1778,0
1779,910
1780,0
1781,1090
1782,0
1783,860
1784,0
1785,1100
1786,0
1787,1070
1788,0
1789,810
1790,0
1791,860
1792,0
1793,1110
1794,0
1795,890
1796,0
1797,960
1798,0
1799,830
1800,0
1801,0
1802,930
1803,0
1804,820
1805,0
1806,780
1807,0
1808,890
1809,0
1810,980
1811,0
1812,910
1813,0
1814,0
1815,870
1816,0
1817,860
1818,0
1819,1020
1820,0
1821,870
1822,0
1823,860
1824,0
1825,1040
1826,0
1827,880
1828,0
1829,0
1830,890
1831,0
1832,910
1833,0
1834,890
1835,0
1836,810
1837,0
1838,830
1839,0
1840,1030
1841,0
1842,970
1843,0
1844,0
1845,990
1846,0
1847,870
1848,0
1849,900
1850,0
1851,1040
1852,0
1853,840
1854,0
1855,780
1856,0
1857,830
1858,0
1859,0
1860,850
1861,0
1862,840
1863,0
1864,1080
1865,0
1866,950
1867,0
1868,930
1869,0
1870,910
1871,0
1872,0
1873,770
1874,0
1875,650
1876,0
1877,990
1878,0
1879,870
1880,0
1881,900
1882,0
1883,750
1884,0
1885,750
1886,0
1887,0
1888,690
1889,0
1890,800
1891,0
1892,950
1893,0
1894,800
1895,0
1896,750
1897,0
1898,990
1899,0
1900,820
1901,0
1902,0
1903,760
1904,0
1905,890
1906,0
1907,750
1908,0
1909,790
1910,0
1911,890
1912,0
1913,820
1914,0
1915,980
1916,0
1917,0
1918,780
1919,0
1920,870
1921,0
1922,790
1923,0
1924,770
1925,0
1926,970
1927,0
1928,910
1929,0
1930,0
1931,820
1932,0
1933,920
1934,0
1935,680
1936,0
1937,960
1938,0
1939,800
1940,0
1941,860
1942,0
1943,800
1944,0
1945,0
1946,720
1947,0
1948,720
1949,0
1950,780
1951,0
1952,1020
1953,0
1954,810
1955,0
1956,950
1957,0
1958,770
1959,0
1960,0
1961,920
1962,0
1963,810
1964,0
1965,870
1966,0
1967,850
1968,0
1969,780
1970,0
1971,850
1972,0
1973,0
1974,890
1975,0
1976,1010
1977,0
1978,780
1979,0
1980,760
1981,0
1982,740
1983,0
1984,830
1985,0
1986,840
1987,0
1988,0
1989,820
1990,0
1991,860
1992,0
1993,920
1994,0
1995,810
1996,0
1997,780
1998,0
1999,940
2000,0
2001,960
2002,0
2003,0
2004,810
2005,0
2006,610
2007,0
2008,740
2009,0
2010,880
2011,0
2012,850
2013,0
2014,790
2015,0
2016,660
2017,0
2018,0
2019,790
2020,0
2021,650
2022,0
2023,890
2024,0
2025,840
2026,0
2027,870
2028,0
2029,820
2030,0
2031,0
2032,790
2033,0
2034,720
2035,0
2036,820
2037,0
2038,680
2039,0
2040,870
2041,0
2042,700
2043,0
2044,650
2045,0
2046,820
2047,0
2048,560
2049,0
2050,670
2051,0
2052,760
2053,0
2054,820
2055,0
2056,640
2057,0
2058,900
2059,0
2060,0
2061,870
2062,0
2063,890
2064,0
2065,750
2066,0
2067,710
2068,0
2069,600
2070,0
2071,740
2072,0
2073,800
2074,0
2075,640
2076,0
2077,710
2078,0
2079,770
2080,0
2081,840
2082,0
2083,770
2084,0
2085,890
2086,0
2087,690
2088,0
2089,0
2090,750
2091,0
2092,730
2093,0
2094,800
2095,0
2096,780
2097,0
2098,830
2099,0
2100,690
2101,0
2102,780
2103,0
2104,680
2105,0
2106,710
2107,0
2108,770
2109,0
2110,860
2111,0
2112,740
2113,0
2114,670
2115,0
2116,0
2117,740
2118,0
2119,790
2120,0
2121,840
2122,0
2123,520
2124,0
2125,870
2126,0
2127,750
2128,0
2129,680
2130,0
2131,770
2132,0
2133,660
2134,0
2135,660
2136,0
2137,620
2138,0
2139,510
2140,0
2141,670
2142,0
2143,750
2144,0
2145,0
2146,730
2147,0
2148,750
2149,0
2150,740
2151,0
2152,670
2153,0
2154,780
2155,0
2156,800
2157,0
2158,810
2159,0
2160,720
2161,0
2162,670
2163,0
2164,700
2165,0
2166,730
2167,0
2168,550
2169,0
2170,760
2171,0
2172,670
2173,0
2174,0
2175,680
2176,0
2177,680
2178,0
2179,710
2180,0
2181,650
2182,0
2183,640
2184,0
2185,560
2186,0
2187,740
2188,0
2189,580
2190,0
2191,690
2192,0
2193,730
2194,0
2195,640
2196,0
2197,590
2198,0
2199,810
2200,0
2201,550
2202,0
2203,0
2204,620
2205,0
2206,630
2207,0
2208,580
2209,0
2210,710
2211,0
2212,620
2213,0
2214,600
2215,0
2216,580
2217,0
2218,680
2219,0
2220,740
2221,0
2222,740
2223,0
2224,650
2225,0
2226,700
2227,0
2228,560
2229,0
2230,830
2231,0
2232,0
2233,670
2234,0
2235,800
2236,0
2237,520
2238,0
2239,540
2240,0
2241,690
2242,0
2243,660
2244,0
2245,540
2246,0
2247,450
2248,0
2249,530
2250,0
2251,670
2252,0
2253,520
2254,0
2255,560
2256,0
2257,620
2258,0
2259,610
2260,0
2261,0
2262,660
2263,0
2264,630
2265,0
2266,540
2267,0
2268,640
2269,0
2270,660
2271,0
2272,680
2273,0
2274,0
2275,600
2276,0
2277,550
2278,0
2279,580
2280,0
2281,640
2282,0
2283,660
2284,0
2285,510
2286,0
2287,0
2288,600
2289,0
2290,620
2291,0
2292,580
2293,0
2294,730
2295,0
2296,590
2297,0
2298,0
2299,630
2300,0
2301,530
2302,0
2303,660
2304,0
2305,550
2306,0
2307,640
2308,0
2309,600
2310,0
2311,0
2312,780
2313,0
2314,580
2315,0
2316,480
2317,0
2318,480
2319,0
2320,670
2321,0
2322,560
2323,0
2324,0
2325,590
2326,0
2327,600
2328,0
2329,580
2330,0
2331,620
2332,0
2333,450
2334,0
2335,580
2336,0
2337,0
2338,480
2339,0
2340,640
2341,0
2342,500
2343,0
2344,640
2345,0
2346,560
2347,0
2348,650
2349,0
2350,0
2351,570
2352,0
2353,600
2354,0
2355,500
2356,0
2357,680
2358,0
2359,510
2360,0
2361,630
2362,0
2363,0
2364,440
2365,0
2366,380
2367,0
2368,520
2369,0
2370,460
2371,0
2372,710
2373,0
2374,0
2375,710
2376,0
2377,510
2378,0
2379,440
2380,0
2381,510
2382,0
2383,440
2384,0
2385,560
2386,0
2387,0
2388,490
2389,0
2390,520
2391,0
2392,560
2393,0
2394,570
2395,0
2396,480
2397,0
2398,490
2399,0
2400,0
2401,340
2402,0
2403,490
2404,0
2405,530
2406,0
2407,390
2408,0
2409,570
2410,0
2411,550
2412,0
2413,0
2414,450
2415,0
2416,460
2417,0
2418,460
2419,0
2420,650
2421,0
2422,480
2423,0
2424,540
2425,0
2426,0
2427,560
2428,0
2429,510
2430,0
2431,410
2432,0
2433,580
2434,0
2435,500
2436,0
2437,0
2438,380
2439,0
2440,530
2441,0
2442,460
2443,0
2444,510
2445,0
2446,580
2447,0
2448,520
2449,0
2450,0
2451,440
2452,0
2453,670
2454,0
2455,460
2456,0
2457,480
2458,0
2459,590
2460,0
2461,410
2462,0
2463,0
2464,700
2465,0
2466,580
2467,0
2468,640
2469,0
2470,440
2471,0
2472,440
2473,0
2474,510
2475,0
2476,0
2477,430
2478,0
2479,540
2480,0
2481,580
2482,0
2483,520
2484,0
2485,500
2486,0
2487,560
2488,0
2489,0
2490,500
2491,0
2492,600
2493,0
2494,490
2495,0
2496,450
2497,0
2498,500
2499,0
2500,440
2501,0
2502,480
2503,0
2504,490
2505,0
2506,580
2507,610
2508,0
2509,580
2510,0
2511,470
2512,380
2513,0
2514,480
2515,0
2516,440
2517,520
2518,0
2519,340
2520,0
2521,520
2522,520
2523,0
2524,500
2525,0
2526,460
2527,450
2528,0
2529,380
2530,0
2531,470
2532,510
2533,0
2534,360
2535,0
2536,480
2537,510
2538,0
2539,440
2540,0
2541,350
2542,540
2543,0
2544,490
2545,0
2546,510
2547,490
2548,0
2549,410
2550,0
2551,530
2552,0
2553,550
2554,410
2555,0
2556,270
2557,0
2558,410
2559,450
2560,0
2561,460
2562,0
2563,470
2564,440
2565,0
2566,330
2567,0
2568,440
2569,360
2570,0
2571,390
2572,0
2573,450
2574,400
2575,0
2576,550
2577,0
2578,430
2579,430
2580,0
2581,370
2582,0
2583,480
2584,480
2585,0
2586,290
2587,0
2588,410
2589,380
2590,0
2591,470
2592,0
2593,430
2594,370
2595,0
2596,410
2597,0
2598,450
2599,0
2600,380
2601,420
2602,0
2603,430
2604,0
2605,500
2606,370
2607,0
2608,470
2609,0
2610,380
2611,400
2612,0
2613,400
2614,0
2615,380
2616,280
2617,0
2618,410
2619,0
2620,460
2621,350
2622,0
2623,340
2624,0
2625,490
2626,400
2627,0
2628,360
2629,0
2630,560
2631,280
2632,0
2633,470
2634,0
2635,360
2636,290
2637,0
2638,390
2639,0
2640,310
2641,460
2642,0
2643,390
2644,0
2645,380
2646,0
2647,370
2648,310
2649,0
2650,460
2651,0
2652,410
2653,460
2654,0
2655,380
2656,0
2657,360
2658,380
2659,0
2660,350
2661,0
2662,360
2663,520
2664,0
2665,360
2666,0
2667,370
2668,350
2669,0
2670,470
2671,0
2672,340
2673,330
2674,0
2675,500
2676,0
2677,420
2678,300
2679,0
2680,390
2681,0
2682,270
2683,260
2684,0
2685,350
2686,0
2687,310
2688,0
2689,420
2690,300
2691,0
2692,350
2693,0
2694,370
2695,0
2696,460
2697,370
2698,0
2699,310
2700,0
2701,310
2702,360
2703,0
2704,420
2705,0
2706,330
2707,0
2708,340
2709,300
2710,0
2711,330
2712,0
2713,340
2714,0
2715,340
2716,380
2717,0
2718,340
2719,0
2720,350
2721,360
2722,0
2723,460
2724,0
2725,260
2726,0
2727,350
2728,320
2729,0
2730,380
2731,0
2732,370
2733,0
2734,410
2735,250
2736,0
2737,240
2738,0
2739,370
2740,0
2741,340
2742,510
2743,0
2744,380
2745,0
2746,370
2747,360
2748,0
2749,380
2750,0
2751,340
2752,0
2753,350
2754,320
2755,0
2756,270
2757,0
2758,350
2759,0
2760,410
2761,290
2762,0
2763,380
2764,0
2765,370
2766,420
2767,0
2768,290
2769,0
2770,330
2771,0
2772,190
2773,390
2774,0
2775,280
2776,0
2777,360
2778,0
2779,340
2780,420
2781,0
2782,390
2783,0
2784,380
2785,0
2786,250
2787,430
2788,0
2789,340
2790,0
2791,290
2792,250
2793,0
2794,390
2795,0
2796,310
2797,0
2798,300
2799,350
2800,0
2801,260
2802,0
2803,250
2804,0
2805,310
2806,280
2807,0
2808,290
2809,0
2810,290
2811,320
2812,0
2813,340
2814,0
2815,380
2816,0
2817,330
2818,380
2819,0
2820,340
2821,0
2822,260
2823,0
2824,290
2825,390
2826,0
2827,250
2828,0
2829,250
2830,0
2831,280
2832,270
2833,0
2834,370
2835,0
2836,340
2837,290
2838,0
2839,240
2840,0
2841,370
2842,0
2843,280
2844,290
2845,0
2846,330
2847,0
2848,340
2849,0
2850,350
2851,440
2852,0
2853,260
2854,0
2855,230
2856,260
2857,0
2858,230
2859,0
2860,320
2861,0
2862,250
2863,250
2864,0
2865,290
2866,0
2867,280
2868,0
2869,320
2870,320
2871,0
2872,360
2873,0
2874,310
2875,0
2876,290
2877,340
2878,0
2879,370
2880,270
2881,0
2882,220
2883,260
2884,180
2885,0
2886,360
2887,230
2888,0
2889,270
2890,230
2891,0
2892,270
2893,260
2894,0
2895,170
2896,210
2897,0
2898,270
2899,290
2900,300
2901,0
2902,310
2903,250
2904,0
2905,270
2906,280
2907,0
2908,300
2909,200
2910,0
2911,250
2912,270
2913,0
2914,280
2915,320
2916,0
2917,250
2918,220
2919,240
2920,0
2921,250
2922,290
2923,0
2924,250
2925,220
2926,0
2927,240
2928,230
2929,0
2930,280
2931,230
2932,0
2933,160
2934,440
2935,0
2936,170
2937,400
2938,240
2939,0
2940,210
2941,320
2942,0
2943,170
2944,310
2945,0
2946,150
2947,210
2948,0
2949,230
2950,330
2951,0
2952,270
2953,180
2954,0
2955,160
2956,240
2957,200
2958,0
2959,240
2960,220
2961,0
2962,180
2963,190
2964,0
2965,250
2966,310
2967,0
2968,120
2969,250
2970,0
2971,140
2972,260
2973,270
2974,0
2975,200
2976,280
2977,0
2978,260
2979,230
2980,0
2981,320
2982,270
2983,0
2984,240
2985,230
2986,0
2987,260
2988,230
2989,0
2990,160
2991,200
2992,200
2993,0
2994,260
2995,330
2996,0
2997,180
2998,310
2999,0
3000,190
3001,200
3002,0
3003,320
3004,210
3005,0
3006,220
3007,240
3008,0
3009,250
3010,270
3011,170
3012,0
3013,250
3014,300
3015,0
3016,260
3017,170
3018,0
3019,100
3020,190
3021,0
3022,200
3023,100
3024,0
3025,270
3026,250
3027,0
3028,250
3029,130
3030,310
3031,0
3032,180
3033,230
3034,0
3035,230
3036,270
3037,0
3038,140
3039,430
3040,210
3041,260
3042,220
3043,200
3044,220
3045,210
3046,210
3047,200
3048,230
3049,210
3050,160
3051,310
3052,170
3053,170
3054,150
3055,440
3056,120
3057,190
3058,240
3059,160
3060,180
3061,190
3062,160
3063,130
3064,240
3065,210
3066,200
3067,190
3068,170
3069,160
3070,140
3071,360
3072,210
3073,260
3074,210
3075,170
3076,140
3077,170
3078,170
3079,210
3080,160
3081,140
3082,190
3083,250
3084,160
3085,200
3086,140
3087,310
3088,200
3089,100
3090,160
3091,110
3092,190
3093,220
3094,190
3095,110
3096,210
3097,170
3098,280
3099,200
3100,230
3101,200
3102,200
3103,310
3104,120
3105,260
3106,90
3107,150
3108,180
3109,160
3110,230
3111,140
3112,170
3113,180
3114,100
3115,210
3116,160
3117,240
3118,130
3119,360
3120,180
3121,190
3122,130
3123,110
3124,110
3125,210
3126,190
3127,130
3128,80
3129,200
3130,210
3131,130
3132,180
3133,150
3134,130
3135,340
3136,120
3137,170
3138,160
3139,230
3140,70
3141,160
3142,140
3143,130
3144,120
3145,140
3146,140
3147,210
3148,140
3149,160
3150,170
3151,180
3152,160
3153,190
3154,190
3155,110
3156,170
3157,120
3158,160
3159,190
3160,160
3161,200
3162,100
3163,140
3164,120
3165,190
3166,120
3167,260
3168,190
3169,130
3170,140
3171,130
3172,180
3173,140
3174,200
3175,90
3176,180
3177,160
3178,150
3179,110
3180,80
3181,160
3182,110
3183,150
3184,130
3185,160
3186,190
3187,140
3188,100
3189,140
3190,210
3191,130
3192,90
3193,110
3194,120
3195,190
3196,110
3197,100
3198,80
3199,80
3200,150
3201,120
3202,110
3203,100
3204,150
3205,90
3206,130
3207,130
3208,110
3209,290
3210,120
3211,110
3212,120
3213,80
3214,100
3215,90
3216,150
3217,80
3218,110
3219,110
3220,90
3221,140
3222,100
3223,120
3224,100
3225,120
3226,100
3227,50
3228,110
3229,60
3230,130
3231,130
3232,140
3233,110
3234,90
3235,160
3236,160
3237,140
3238,160
3239,130
3240,140
3241,100
3242,120
3243,130
3244,70
3245,120
3246,110
3247,120
3248,130
3249,80
3250,110
3251,100
3252,100
3253,130
3254,100
3255,130
3256,110
3257,40
3258,80
3259,90
3260,120
3261,90
3262,80
3263,120
3264,130
3265,150
3266,150
3267,90
3268,100
3269,110
3270,100
3271,80
3272,140
3273,110
3274,110
3275,190
3276,90
3277,80
3278,150
3279,110
3280,60
3281,120
3282,70
3283,90
3284,90
3285,70
3286,110
3287,90
3288,70
3289,90
3290,160
3291,120
3292,90
3293,90
3294,90
3295,130
3296,0
3297,80
3298,130
3299,130
3300,90
3301,140
3302,100
3303,70
3304,40
3305,110
3306,60
3307,100
3308,50
3309,110
3310,90
3311,70
3312,100
3313,100
3314,80
3315,90
3316,90
3317,100
3318,110
3319,100
3320,70
3321,70
3322,80
3323,90
3324,80
3325,70
3326,40
3327,70
3328,100
3329,90
3330,80
3331,130
3332,130
3333,120
3334,110
3335,200
3336,100
3337,80
3338,80
3339,60
3340,90
3341,90
3342,100
3343,90
3344,80
3345,70
3346,0
3347,160
3348,120
3349,130
3350,130
3351,70
3352,80
3353,90
3354,80
3355,140
3356,60
3357,60
3358,70
3359,100
3360,60
3361,100
3362,120
3363,100
3364,80
3365,30
3366,100
3367,80
3368,80
3369,60
3370,90
3371,80
3372,70
3373,80
3374,20
3375,100
3376,120
3377,40
3378,0
3379,120
3380,40
3381,70
3382,80
3383,100
3384,90
3385,120
3386,70
3387,90
3388,110
3389,50
3390,10
3391,50
3392,50
3393,70
3394,10
3395,90
3396,100
3397,40
3398,60
3399,60
3400,90
3401,90
3402,90
3403,0
3404,70
3405,120
3406,100
3407,80
3408,70
3409,90
3410,40
3411,70
3412,30
3413,40
3414,120
3415,80
3416,50
3417,60
3418,50
3419,150
3420,60
3421,100
3422,50
3423,90
3424,80
3425,50
3426,80
3427,0
3428,70
3429,30
3430,110
3431,70
3432,50
3433,50
3434,60
3435,50
3436,30
3437,70
3438,60
3439,50
3440,50
3441,100
3442,30
3443,70
3444,30
3445,60
3446,30
3447,40
3448,90
3449,50
3450,70
3451,50
3452,0
3453,70
3454,90
3455,50
3456,80
3457,50
3458,80
3459,40
3460,50
3461,50
3462,60
3463,80
3464,80
3465,30
3466,60
3467,30
3468,30
3469,60
3470,50
3471,50
3472,60
3473,70
3474,80
3475,40
3476,20
3477,0
3478,20
3479,30
3480,70
3481,30
3482,70
3483,60
3484,30
3485,70
3486,70
3487,20
3488,60
3489,80
3490,90
3491,70
3492,40
3493,50
3494,70
3495,40
3496,30
3497,30
3498,80
3499,40
3500,70
3501,30
3502,30
3503,30
3504,0
3505,30
3506,60
3507,20
3508,40
3509,40
3510,60
3511,30
3512,40
3513,30
3514,50
3515,70
3516,60
3517,40
3518,90
3519,50
3520,20
3521,70
3522,70
3523,50
3524,80
3525,60
3526,80
3527,80
3528,30
3529,20
3530,20
3531,40
3532,0
3533,30
3534,40
3535,40
3536,40
3537,30
3538,40
3539,60
3540,40
3541,20
3542,50
3543,60
3544,70
3545,30
3546,80
3547,40
3548,50
3549,20
3550,30
3551,30
3552,30
3553,40
3554,50
3555,40
3556,30
3557,20
3558,50
3559,80
3560,0
3561,40
3562,50
3563,20
3564,90
3565,40
3566,10
3567,30
3568,20
3569,70
3570,40
3571,20
3572,40
3573,0
3574,30
3575,10
3576,70
3577,20
3578,50
3579,50
3580,30
3581,50
3582,50
3583,10
3584,40
3585,60
3586,60
3587,0
3588,30
3589,20
3590,40
3591,20
3592,50
3593,10
3594,20
3595,20
3596,50
3597,60
3598,50
3599,50
3600,50
3601,20
3602,60
3603,20
3604,40
3605,0
3606,10
3607,60
3608,20
3609,40
3610,30
3611,40
3612,70
3613,40
3614,0
3615,10
3616,40
3617,30
3618,20
3619,60
3620,20
3621,0
3622,30
3623,40
3624,10
3625,30
3626,40
3627,30
3628,30
3629,30
3630,60
3631,20
3632,40
3633,40
3634,30
3635,20
3636,20
3637,50
3638,0
3639,30
3640,40
3641,20
3642,50
3643,30
3644,40
3645,10
3646,50
3647,20
3648,30
3649,70
3650,40
3651,10
3652,10
3653,30
3654,0
3655,30
3656,30
3657,30
3658,30
3659,20
3660,0
3661,60
3662,30
3663,50
3664,50
3665,40
3666,30
3667,20
3668,20
3669,40
3670,0
3671,20
3672,10
3673,30
3674,70
3675,30
3676,10
3677,40
3678,60
3679,40
3680,10
3681,50
3682,50
3683,30
3684,30
3685,20
3686,0
3687,10
3688,0
3689,20
3690,40
3691,60
3692,30
3693,60
3694,20
3695,20
3696,20
3697,20
3698,70
3699,90
3700,20
3701,20
3702,30
3703,0
3704,40
3705,40
3706,50
3707,10
3708,40
3709,10
3710,10
3711,20
3712,50
3713,10
3714,20
3715,40
3716,40
3717,0
3718,80
3719,40
3720,30
3721,60
3722,10
3723,10
3724,40
3725,20
3726,30
3727,10
3728,20
3729,0
3730,20
3731,20
3732,10
3733,30
3734,30
3735,10
3736,40
3737,40
3738,30
3739,30
3740,0
3741,20
3742,0
3743,30
3744,40
3745,30
3746,60
3747,30
3748,60
3749,30
3750,10
3751,40
3752,10
3753,20
3754,50
3755,0
3756,30
3757,50
3758,0
3759,60
3760,20
3761,20
3762,20
3763,30
3764,0
3765,10
3766,0
3767,0
3768,0
3769,20
3770,0
3771,10
3772,10
3773,20
3774,40
3775,0
3776,10
3777,50
3778,30
3779,20
3780,0
3781,30
3782,20
3783,10
3784,0
3785,10
3786,30
3787,30
3788,10
3789,0
3790,20
3791,10
3792,30
3793,0
3794,10
3795,20
3796,30
3797,10
3798,50
3799,20
3800,30
3801,30
3802,10
3803,30
3804,20
3805,10
3806,0
3807,10
3808,30
3809,30
3810,0
3811,10
3812,30
3813,10
3814,30
3815,10
3816,30
3817,0
3818,20
3819,0
3820,20
3821,40
3822,20
3823,10
3824,10
3825,0
3826,50
3827,20
3828,30
3829,20
3830,20
3831,30
3832,0
3833,20
3834,30
3835,10
3836,10
3837,30
3838,20
3839,10
3840,30
3841,10
3842,10
3843,10
3844,10
3845,0
3846,20
3847,30
3848,0
3849,10
3850,10
3851,10
3852,30
3853,10
3854,20
3855,10
3856,20
3857,40
3858,10
3859,0
3860,30
3861,10
3862,20
3863,20
3864,30
3865,20
3866,0
3867,40
3868,20
3869,0
3870,10
3871,0
3872,0
3873,0
3874,10
3875,0
3876,10
3877,20
3878,0
3879,0
3880,10
3881,20
3882,0
3883,30
3884,60
3885,0
3886,0
3887,0
3888,10
3889,0
3890,20
3891,30
3892,20
3893,20
3894,0
3895,0
3896,10
3897,0
3898,20
3899,10
3900,0
3901,20
3902,0
3903,20
3904,10
3905,30
3906,20
3907,20
3908,10
3909,0
3910,10
3911,0
3912,0
3913,20
3914,0
3915,0
3916,30
3917,10
3918,30
3919,10
3920,0
3921,10
3922,0
3923,20
3924,0
3925,0
3926,10
3927,0
3928,0
3929,10
3930,10
3931,0
3932,0
3933,10
3934,0
3935,0
3936,50
3937,20
3938,10
3939,10
3940,20
3941,20
3942,0
3943,20
3944,10
3945,10
3946,10
3947,10
3948,40
3949,20
3950,10
3951,20
3952,0
3953,0
3954,0
3955,20
3956,0
3957,20
3958,10
3959,10
3960,10
3961,10
3962,0
3963,0
3964,0
3965,10
3966,30
3967,10
3968,10
3969,0
3970,10
3971,0
3972,10
3973,0
3974,10
3975,0
3976,10
3977,10
3978,0
3979,10
3980,0
3981,10
3982,0
3983,0
3984,20
3985,30
3986,0
3987,0
3988,0
3989,0
3990,0
3991,0
3992,10
3993,10
3994,0
3995,10
3996,0
3997,10
3998,0
3999,20
4000,0
4001,10
4002,0
4003,20
4004,20
4005,10
4006,30
4007,0
4008,0
4009,20
4010,10
4011,20
4012,20
4013,10
4014,0
4015,0
4016,10
4017,0
4018,10
4019,10
4020,20
4021,20
4022,10
4023,0
4024,20
4025,0
4026,0
4027,20
4028,0
4029,10
4030,10
4031,20
4032,0
4033,0
4034,10
4035,0
4036,10
4037,20
4038,10
4039,10
4040,10
4041,10
4042,0
4043,20
4044,0
4045,20
4046,0
4047,0
4048,0
4049,0
4050,0
4051,10
4052,10
4053,0
4054,0
4055,0
4056,10
4057,10
4058,10
4059,10
4060,10
4061,0
4062,10
4063,0
4064,10
4065,10
4066,10
4067,10
4068,0
4069,0
4070,10
4071,0
4072,0
4073,0
4074,20
4075,20
4076,10
4077,0
4078,0
4079,10
4080,0
4081,0
4082,20
4083,0
4084,0
4085,10
4086,0
4087,0
4088,0
4089,0
4090,0
4091,20
4092,20
4093,10
4094,0
4095,10
4096,0
4097,0
4098,10
4099,0
4100,10
4101,10
4102,10
4103,0
4104,20
4105,0
4106,0
4107,0
4108,0
4109,0
4110,30
4111,20
4112,10
4113,10
4114,10
4115,10
4116,0
4117,10
4118,0
4119,10
4120,10
4121,10
4122,0
4123,10
4124,0
4125,0
4126,30
4127,0
4128,10
4129,0
4130,0
4131,0
4132,10
4133,0
4134,0
4135,0
4136,0
4137,10
4138,0
4139,0
4140,10
4141,10
4142,0
4143,10
4144,0
4145,0
4146,0
4147,30
4148,10
4149,0
4150,0
4151,0
4152,10
4153,0
4154,0
4155,10
4156,10
4157,10
4158,0
4159,10
4160,10
4161,0
4162,0
4163,0
4164,0
4165,20
4166,0
4167,0
4168,0
4169,20
4170,0
4171,10
4172,0
4173,0
4174,0
4175,0
4176,10
4177,0
4178,10
4179,0
4180,0
4181,0
4182,0
4183,0
4184,0
4185,0
4186,0
4187,0
4188,30
4189,10
4190,10
4191,0
4192,0
4193,0
4194,0
4195,0
4196,0
4197,0
4198,10
4199,0
4200,20
4201,20
4202,0
4203,0
4204,0
4205,0
4206,0
4207,0
4208,0
4209,0
4210,0
4211,0
4212,0
4213,10
4214,0
4215,0
4216,10
4217,10
4218,0
4219,0
4220,0
4221,0
4222,0
4223,0
4224,0
4225,0
4226,0
4227,0
4228,20
4229,0
4230,0
4231,0
4232,0
4233,0
4234,0
4235,10
4236,0
4237,0
4238,0
4239,0
4240,0
4241,0
4242,20
4243,10
4244,0
4245,0
4246,10
4247,10
4248,0
4249,10
4250,10
4251,0
4252,10
4253,10
4254,0
4255,20
4256,10
4257,20
4258,0
4259,10
4260,0
4261,0
4262,0
4263,10
4264,0
4265,0
4266,0
4267,0
4268,0
4269,0
4270,20
4271,0
4272,0
4273,0
4274,10
4275,0
4276,0
4277,10
4278,10
4279,10
4280,0
4281,0
4282,10
4283,0
4284,10
4285,0
4286,0
4287,0
4288,10
4289,0
4290,0
4291,0
4292,0
4293,0
4294,10
4295,0
4296,10
4297,10
4298,0
4299,10
4300,0
4301,20
4302,10
4303,0
4304,0
4305,0
4306,20
4307,20
4308,0
4309,0
4310,0
4311,0
4312,0
4313,10
4314,0
4315,0
4316,0
4317,0
4318,0
4319,10
4320,0
4321,0
4322,30
4323,0
4324,0
4325,0
4326,0
4327,0
4328,0
4329,0
4330,10
4331,0
4332,0
4333,10
4334,10
4335,0
4336,0
4337,0
4338,0
4339,0
4340,10
4341,10
4342,0
4343,10
4344,0
4345,0
4346,0
4347,0
4348,0
4349,0
4350,0
4351,0
4352,10
4353,0
4354,10
4355,0
4356,0
4357,0
4358,0
4359,0
4360,0
4361,10
4362,0
4363,0
4364,20
4365,0
4366,0
4367,10
4368,0
4369,0
4370,0
4371,0
4372,20
4373,0
4374,0
4375,10
4376,0
4377,10
4378,0
4379,0
4380,10
4381,0
4382,0
4383,10
4384,0
4385,0
4386,0
4387,0
4388,0
4389,0
4390,0
4391,0
4392,0
4393,0
4394,10
4395,0
4396,10
4397,0
4398,0
4399,0
4400,0
4401,0
4402,0
4403,0
4404,0
4405,20
4406,0
4407,0
4408,0
4409,0
4410,0
4411,10
4412,0
4413,0
4414,0
4415,0
4416,0
4417,0
4418,0
4419,0
4420,10
4421,0
4422,0
4423,0
4424,0
4425,0
4426,0
4427,0
4428,0
4429,0
4430,0
4431,0
4432,0
4433,0
4434,10
4435,0
4436,0
4437,0
4438,0
4439,0
4440,0
4441,0
4442,0
4443,0
4444,0
4445,0
4446,0
4447,0
4448,0
4449,0
4450,10
4451,0
4452,0
4453,0
4454,10
4455,0
4456,0
4457,0
4458,0
4459,0
4460,0
4461,0
4462,0
4463,0
4464,0
4465,0
4466,0
4467,0
4468,10
4469,0
4470,0
4471,0
4472,0
4473,10
4474,10
4475,0
4476,0
4477,0
4478,10
4479,0
4480,0
4481,0
4482,20
4483,0
4484,0
4485,0
4486,0
4487,10
4488,0
4489,0
4490,0
4491,0
4492,0
4493,0
4494,0
4495,0
4496,0
4497,0
4498,0
4499,0
4500,0
4501,0
4502,0
4503,0
4504,10
4505,0
4506,0
4507,0
4508,0
4509,0
4510,0
4511,0
4512,0
4513,0
4514,10
4515,0
4516,10
4517,0
4518,0
4519,0
4520,10
4521,0
4522,0
4523,10
4524,0
4525,0
4526,0
4527,0
4528,0
4529,0
4530,0
4531,0
4532,0
4533,0
4534,0
4535,0
4536,0
4537,0
4538,0
4539,0
4540,0
4541,0
4542,0
4543,0
4544,0
4545,0
4546,0
4547,0
4548,0
4549,0
4550,0
4551,0
4552,0
4553,0
4554,0
4555,0
4556,0
4557,10
4558,0
4559,0
4560,0
4561,0
4562,0
4563,0
4564,0
4565,0
4566,0
4567,0
4568,10
4569,0
4570,0
4571,0
4572,0
4573,0
4574,0
4575,0
4576,0
4577,0
4578,0
4579,0
4580,0
4581,0
4582,0
4583,10
4584,0
4585,0
4586,0
4587,0
4588,0
4589,10
4590,0
4591,0
4592,0
4593,0
4594,0
4595,0
4596,0
4597,0
4598,0
4599,0
4600,0
4601,0
4602,0
4603,0
4604,0
4605,0
4606,0
4607,0
4608,0
4609,0
4610,0
4611,0
4612,0
4613,0
4614,0
4615,0
4616,0
4617,0
4618,0
4619,0
4620,0
4621,0
4622,10
4623,0
4624,0
4625,10
4626,0
4627,0
4628,0
4629,10
4630,0
4631,0
4632,10
4633,0
4634,0
4635,10
4636,0
4637,0
4638,0
4639,0
4640,0
4641,0
4642,0
4643,0
4644,0
4645,0
4646,0
4647,0
4648,0
4649,0
4650,0
4651,0
4652,10
4653,0
4654,0
4655,0
4656,0
4657,0
4658,0
4659,0
4660,0
4661,0
4662,0
4663,0
4664,0
4665,0
4666,0
4667,0
4668,0
4669,0
4670,0
4671,10
4672,0
4673,0
4674,10
4675,0
4676,0
4677,0
4678,0
4679,0
4680,0
4681,0
4682,0
4683,0
4684,0
4685,0
4686,0
4687,0
4688,0
4689,0
4690,0
4691,0
4692,0
4693,0
4694,0
4695,0
4696,0
4697,0
4698,0
4699,0
4700,0
4701,0
4702,0
4703,0
4704,0
4705,0
4706,0
4707,0
4708,0
4709,0
4710,0
4711,0
4712,0
4713,0
4714,10
4715,0
4716,0
4717,0
4718,0
4719,0
4720,0
4721,0
4722,0
4723,0
4724,0
4725,0
4726,0
4727,0
4728,0
4729,10
4730,0
4731,0
4732,0
4733,0
4734,0
4735,0
4736,0
4737,0
4738,0
4739,0
4740,0
4741,0
4742,0
4743,0
4744,0
4745,0
4746,0
4747,0
4748,0
4749,0
4750,0
4751,0
4752,0
4753,0
4754,0
4755,0
4756,0
4757,0
4758,0
4759,0
4760,0
4761,0
4762,0
4763,0
4764,0
4765,0
4766,0
4767,0
4768,0
4769,10
4770,0
4771,0
4772,0
4773,0
4774,0
4775,0
4776,0
4777,10
4778,0
4779,0
4780,0
4781,0
4782,0
4783,0
4784,0
4785,0
4786,0
4787,0
4788,0
4789,10
4790,0
4791,0
4792,0
4793,0
4794,0
4795,10
4796,0
4797,0
4798,10
4799,0
4800,0
4801,0
4802,0
4803,0
4804,0
4805,0
4806,0
4807,0
4808,0
4809,0
4810,0
4811,0
4812,0
4813,0
4814,0
4815,10
4816,10
4817,0
4818,0
4819,10
4820,0
4821,0
4822,0
4823,0
4824,0
4825,0
4826,0
4827,0
4828,0
4829,0
4830,0
4831,0
4832,0
4833,0
4834,0
4835,0
4836,0
4837,0
4838,10
4839,0
4840,0
4841,0
4842,0
4843,0
4844,0
4845,0
4846,0
4847,0
4848,0
4849,0
4850,0
4851,0
4852,0
4853,0
4854,0
4855,0
4856,0
4857,0
4858,0
4859,0
4860,0
4861,0
4862,0
4863,0
4864,0
4865,0
4866,0
4867,0
4868,0
4869,0
4870,0
4871,0
4872,0
4873,0
4874,0
4875,0
4876,10
4877,0
4878,0
4879,0
4880,0
4881,0
4882,0
4883,0
4884,0
4885,0
4886,0
4887,0
4888,0
4889,10
4890,0
4891,0
4892,0
4893,0
4894,0
4895,0
4896,0
4897,10
4898,0
4899,0
4900,0
4901,0
4902,0
4903,0
4904,0
4905,0
4906,0
4907,0
4908,0
4909,0
4910,0
4911,0
4912,0
4913,0
4914,0
4915,0
4916,0
4917,0
4918,0
4919,0
4920,0
4921,0
4922,0
4923,0
4924,0
4925,0
4926,0
4927,0
4928,0
4929,0
4930,10
4931,10
4932,0
4933,0
4934,0
4935,0
4936,0
4937,0
4938,10
4939,0
4940,0
4941,0
4942,0
4943,0
4944,0
4945,0
4946,0
4947,0
4948,0
4949,0
4950,0
4951,0
4952,0
4953,0
4954,0
4955,0
4956,0
4957,0
4958,0
4959,0
4960,0
4961,0
4962,0
4963,0
4964,0
4965,0
4966,0
4967,0
4968,0
4969,0
4970,0
4971,10
4972,0
4973,0
4974,0
4975,0
4976,0
4977,0
4978,0
4979,0
4980,0
4981,0
4982,0
4983,0
4984,0
4985,0
4986,0
4987,0
4988,0
4989,0
4990,0
4991,0
4992,0
4993,0
4994,0
4995,0
4996,0
4997,0
4998,0
4999,0
5000,0
5001,0
5002,0
5003,0
5004,0
5005,0
5006,0
5007,0
5008,0
5009,0
5010,0
5011,0
5012,0
5013,0
5014,0
5015,0
5016,0
5017,0
5018,0
5019,0
5020,0
5021,0
5022,0
5023,0
5024,0
5025,0
5026,0
5027,0
5028,0
5029,0
5030,0
5031,0
5032,0
5033,0
5034,0
5035,0
5036,0
5037,0
5038,0
5039,0
5040,0
5041,0
5042,0
5043,0
5044,0
5045,0
5046,0
5047,0
5048,0
5049,0
5050,0
5051,0
5052,0
5053,0
5054,0
5055,0
5056,0
5057,0
5058,0
5059,0
5060,0
5061,10
5062,0
5063,0
5064,0
5065,0
5066,0
5067,0
5068,10
5069,0
5070,0
5071,0
5072,0
5073,0
5074,0
5075,0
5076,0
5077,0
5078,0
5079,0
5080,0
5081,0
5082,0
5083,0
5084,0
5085,0
5086,0
5087,0
5088,0
5089,0
5090,0
5091,0
5092,10
5093,0
5094,0
5095,0
5096,0
5097,0
5098,0
5099,0
5100,0
5101,0
5102,0
5103,0
5104,0
5105,0
5106,0
5107,0
5108,0
5109,0
5110,0
5111,0
5112,0
5113,0
5114,0
5115,0
5116,0
5117,0
5118,0
5119,0
5120,0
5121,0
5122,0
5123,0
5124,0
5125,0
5126,0
5127,10
5128,0
5129,0
5130,0
5131,0
5132,0
5133,0
5134,10
5135,0
5136,0
5137,0
5138,0
5139,0
5140,0
5141,0
5142,0
5143,0
5144,0
5145,0
5146,0
5147,0
5148,0
5149,0
5150,0
5151,0
5152,0
5153,0
5154,0
5155,0
5156,0
5157,0
5158,0
5159,0
5160,0
5161,0
5162,0
5163,0
5164,0
5165,0
5166,0
5167,0
5168,0
5169,0
5170,0
5171,0
5172,0
5173,0
5174,0
5175,0
5176,0
5177,0
5178,0
5179,0
5180,0
5181,0
5182,0
5183,0
5184,0
5185,0
5186,0
5187,10
5188,0
5189,0
5190,0
5191,0
5192,0
5193,0
5194,0
5195,0
5196,0
5197,0
5198,0
5199,0
5200,0
5201,0
5202,0
5203,0
5204,0
5205,0
5206,0
5207,0
5208,0
5209,0
5210,0
5211,0
5212,0
5213,0
5214,0
5215,0
5216,10
5217,0
5218,0
5219,0
5220,0
5221,0
5222,0
5223,0
5224,0
5225,0
5226,0
5227,0
5228,0
5229,0
5230,0
5231,0
5232,0
5233,0
5234,0
5235,0
5236,0
5237,0
5238,0
5239,0
5240,0
5241,0
5242,0
5243,0
5244,0
5245,0
5246,0
5247,0
5248,0
5249,0
5250,0
5251,0
5252,0
5253,0
5254,0
5255,0
5256,0
5257,0
5258,0
5259,0
5260,0
5261,0
5262,0
5263,0
5264,0
5265,0
5266,0
5267,0
5268,0
5269,0
5270,0
5271,0
5272,0
5273,0
5274,0
5275,0
5276,0
5277,0
5278,0
5279,0
5280,0
5281,0
5282,0
5283,0
5284,0
5285,0
5286,0
5287,10
5288,0
5289,0
5290,0
5291,0
5292,0
5293,0
5294,0
5295,0
5296,0
5297,0
5298,0
5299,0
5300,0
5301,0
5302,0
5303,0
5304,0
5305,0
5306,0
5307,0
5308,0
5309,0
5310,0
5311,0
5312,0
5313,0
5314,0
5315,0
5316,0
5317,0
5318,0
5319,0
5320,0
5321,0
5322,0
5323,0
5324,0
5325,0
5326,0
5327,0
5328,0
5329,0
5330,0
5331,0
5332,0
5333,0
5334,0
5335,0
5336,0
5337,0
5338,0
5339,0
5340,0
5341,0
5342,0
5343,0
5344,0
5345,0
5346,0
5347,0
5348,0
5349,0
5350,0
5351,0
5352,0
5353,0
5354,0
5355,0
5356,0
5357,0
5358,0
5359,0
5360,0
5361,0
5362,0
5363,0
5364,0
5365,0
5366,0
5367,0
5368,0
5369,0
5370,0
5371,0
5372,0
5373,0
5374,0
5375,0
5376,0
5377,0
5378,0
5379,0
5380,0
5381,0
5382,0
5383,0
5384,0
5385,0
5386,0
5387,0
5388,0
5389,0
5390,0
5391,0
5392,0
5393,0
5394,0
5395,0
5396,0
5397,0
5398,0
5399,0
5400,0
5401,0
5402,0
5403,0
5404,0
5405,0
5406,0
5407,0
5408,0
5409,0
5410,0
5411,0
5412,0
5413,0
5414,0
5415,0
5416,0
5417,0
5418,0
5419,0
5420,0
5421,0
5422,0
5423,0
5424,0
5425,0
5426,0
5427,0
5428,0
5429,0
5430,0
5431,0
5432,0
5433,0
5434,0
5435,0
5436,0
5437,0
5438,0
5439,0
5440,0
5441,0
5442,0
5443,0
5444,0
5445,0
5446,0
5447,0
5448,0
5449,0
5450,0
5451,0
5452,0
5453,0
5454,0
5455,0
5456,0
5457,0
5458,0
5459,0
5460,0
5461,0
5462,0
5463,0
5464,0
5465,0
5466,0
5467,0
5468,0
5469,0
5470,0
5471,0
5472,0
5473,0
5474,0
5475,0
5476,0
5477,0
5478,0
5479,0
5480,0
5481,0
5482,0
5483,0
5484,0
5485,0
5486,0
5487,0
5488,0
5489,0
5490,0
5491,0
5492,0
5493,0
5494,0
5495,10
5496,0
5497,0
5498,0
5499,0
5500,0
5501,0
5502,0
5503,0
5504,0
5505,0
5506,0
5507,0
5508,0
5509,0
5510,0
5511,0
5512,0
5513,0
5514,0
5515,0
5516,0
5517,0
5518,0
5519,0
5520,0
5521,0
5522,0
5523,0
5524,0
5525,0
5526,0
5527,0
5528,0
5529,0
5530,0
5531,0
5532,0
5533,0
5534,0
5535,0
5536,0
5537,0
5538,0
5539,0
5540,0
5541,0
5542,0
5543,0
5544,0
5545,0
5546,0
5547,0
5548,0
5549,0
5550,0
5551,0
5552,0
5553,0
5554,0
5555,0
5556,0
5557,0
5558,0
5559,0
5560,0
5561,0
5562,0
5563,0
5564,0
5565,0
5566,0
5567,0
5568,0
5569,0
5570,0
5571,0
5572,0
5573,0
5574,0
5575,0
5576,0
5577,0
5578,0
5579,0
5580,0
5581,0
5582,0
5583,0
5584,0
5585,0
5586,0
5587,0
5588,0
5589,0
5590,0
5591,0
5592,0
5593,0
5594,0
5595,0
5596,0
5597,0
5598,0
5599,0
5600,0
5601,0
5602,0
5603,0
5604,0
5605,0
5606,0
5607,0
5608,0
5609,0
5610,0
5611,0
5612,0
5613,0
5614,0
5615,0
5616,0
5617,0
5618,0
5619,0
5620,0
5621,0
5622,0
5623,0
5624,0
5625,0
5626,0
5627,0
5628,0
5629,0
5630,0
5631,0
5632,0
5633,0
5634,0
5635,0
5636,0
5637,0
5638,0
5639,0
5640,0
5641,0
5642,0
5643,0
5644,0
5645,0
5646,0
5647,0
5648,0
5649,0
5650,0
5651,0
5652,0
5653,0
5654,0
5655,0
5656,0
5657,0
5658,0
5659,0
5660,0
5661,0
5662,0
5663,0
5664,0
5665,0
5666,0
5667,0
5668,0
5669,0
5670,0
5671,0
5672,0
5673,0
5674,0
5675,0
5676,0
5677,0
5678,0
5679,0
5680,0
5681,0
5682,0
5683,0
5684,0
5685,0
5686,0
5687,0
5688,0
5689,0
5690,0
5691,0
5692,0
5693,0
5694,0
5695,0
5696,0
5697,0
5698,0
5699,0
5700,0
5701,0
5702,0
5703,0
5704,0
5705,0
5706,0
5707,0
5708,0
5709,0
5710,0
5711,0
5712,0
5713,0
5714,0
5715,0
5716,0
5717,0
5718,0
5719,0
5720,0
5721,0
5722,0
5723,0
5724,0
5725,0
5726,0
5727,0
5728,0
5729,0
5730,0
5731,0
5732,0
5733,0
5734,0
5735,0
5736,0
5737,0
5738,0
5739,0
5740,0
5741,0
5742,0
5743,0
5744,0
5745,0
5746,0
5747,0
5748,0
5749,0
5750,0
5751,0
5752,0
5753,0
5754,0
5755,0
5756,0
5757,0
5758,0
5759,0
5760,0
5761,0
5762,0
5763,0
5764,0
5765,0
5766,0
5767,0
5768,0
5769,0
5770,0
5771,0
5772,0
5773,0
5774,0
5775,0
5776,0
5777,0
5778,0
5779,0
5780,0
5781,0
5782,0
5783,0
5784,0
5785,0
5786,0
5787,0
5788,0
5789,0
5790,0
5791,0
5792,0
5793,0
5794,0
5795,0
5796,0
5797,0
5798,0
5799,0
5800,0
5801,0
5802,0
5803,0
5804,0
5805,0
5806,0
5807,0
5808,0
5809,0
5810,0
5811,0
5812,0
5813,0
5814,0
5815,0
5816,0
5817,0
5818,0
5819,0
5820,0
5821,0
5822,0
5823,0
5824,0
5825,0
5826,0
5827,0
5828,0
5829,0
5830,0
5831,0
5832,0
5833,0
5834,0
5835,0
5836,0
5837,0
5838,0
5839,0
5840,0
5841,0
5842,0
5843,0
5844,0
5845,0
5846,0
5847,0
5848,0
5849,0
5850,0
5851,0
5852,0
5853,0
5854,0
5855,0
5856,0
5857,0
5858,0
5859,0
5860,0
5861,0
5862,0
5863,0
5864,0
5865,0
5866,0
5867,0
5868,0
5869,0
5870,0
5871,0
5872,0
5873,0
5874,0
5875,0
5876,0
5877,0
5878,0
5879,0
5880,0
5881,0
5882,0
5883,0
5884,0
5885,0
5886,0
5887,0
5888,0
5889,0
5890,0
5891,0
5892,0
5893,0
5894,0
5895,0
5896,0
5897,0
5898,0
5899,0
5900,0
5901,0
5902,0
5903,0
5904,0
5905,0
5906,0
5907,0
5908,0
5909,0
5910,0
5911,0
5912,0
5913,0
5914,0
5915,0
5916,0
5917,0
5918,0
5919,0
5920,0
5921,0
5922,0
5923,0
5924,0
5925,0
5926,0
5927,0
5928,0
5929,0
5930,0
5931,0
5932,0
5933,0
5934,0
5935,0
5936,0
5937,0
5938,0
5939,0
5940,0
5941,0
5942,0
5943,0
5944,0
5945,0
5946,0
5947,0
5948,0
5949,0
5950,0
5951,0
5952,0
5953,0
5954,0
5955,0
5956,0
5957,0
5958,0
5959,0
5960,0
5961,0
5962,0
5963,0
5964,0
5965,0
5966,0
5967,0
5968,0
5969,0
5970,0
5971,0
5972,0
5973,0
5974,0
5975,0
5976,0
5977,0
5978,0
5979,0
5980,0
5981,0
5982,0
5983,0
5984,0
5985,0
5986,0
5987,0
5988,0
5989,0
5990,0
5991,0
5992,0
5993,0
5994,0
5995,0
5996,0
5997,0
5998,0
5999,0
6000,0
6001,0
6002,0
6003,0
6004,0
6005,0
6006,0
6007,0
6008,0
6009,0
6010,0
6011,0
6012,0
6013,0
6014,0
6015,0
6016,0
6017,0
6018,0
6019,0
6020,0
6021,0
6022,0
6023,0
6024,0
6025,0
6026,0
6027,0
6028,0
6029,0
6030,0
6031,0
6032,0
6033,0
6034,0
6035,0
6036,0
6037,0
6038,0
6039,0
6040,0
6041,0
6042,0
6043,0
6044,0
6045,0
6046,0
6047,0
6048,0
6049,0
6050,0
6051,0
6052,0
6053,0
6054,0
6055,0
6056,0
6057,0
6058,0
6059,0
6060,0
6061,0
6062,0
6063,0
6064,0
6065,0
6066,0
6067,0
6068,0
6069,0
6070,0
6071,0
6072,0
6073,0
6074,0
6075,0
6076,0
6077,0
6078,0
6079,0
6080,0
6081,0
6082,0
6083,0
6084,0
6085,0
6086,0
6087,0
6088,0
6089,0
6090,0
6091,0
6092,0
6093,0
6094,0
6095,0
6096,0
6097,0
6098,0
6099,0
6100,0
6101,0
6102,0
6103,0
6104,0
6105,0
6106,0
6107,0
6108,0
6109,0
6110,0
6111,0
6112,0
6113,0
6114,0
6115,0
6116,0
6117,0
6118,0
6119,0
6120,0
6121,0
6122,0
6123,0
6124,0
6125,0
6126,0
6127,0
6128,0
6129,0
6130,0
6131,0
6132,0
6133,0
6134,0
6135,0
6136,0
6137,0
6138,0
6139,0
6140,0
6141,0
6142,0
6143,0
6144,0
6145,0
6146,0
6147,0
6148,0
6149,0
6150,0
6151,0
6152,0
6153,0
6154,0
6155,0
6156,0
6157,0
6158,0
6159,0
6160,0
6161,0
6162,0
6163,0
6164,0
6165,0
6166,0
6167,0
6168,0
6169,0
6170,0
6171,0
6172,0
6173,0
6174,0
6175,0
6176,0
6177,0
6178,0
6179,0
6180,0
6181,0
6182,0
6183,0
6184,0
6185,0
6186,0
6187,0
6188,0
6189,0
6190,0
6191,0
6192,0
6193,0
6194,0
6195,0
6196,0
6197,0
6198,0
6199,0
6200,0
6201,0
6202,0
6203,0
6204,0
6205,0
6206,0
6207,0
6208,0
6209,0
6210,0
6211,0
6212,0
6213,0
6214,0
6215,0
6216,0
6217,0
6218,0
6219,0
6220,0
6221,0
6222,0
6223,0
6224,0
6225,0
6226,0
6227,0
6228,0
6229,0
6230,0
6231,0
6232,0
6233,0
6234,0
6235,0
6236,0
6237,0
6238,0
6239,0
6240,0
6241,0
6242,0
6243,0
6244,0
6245,0
6246,0
6247,0
6248,0
6249,0
6250,0
6251,0
6252,0
6253,0
6254,0
6255,0
6256,0
6257,0
6258,0
6259,0
6260,0
6261,0
6262,0
6263,0
6264,0
6265,0
6266,0
6267,0
6268,0
6269,0
6270,0
6271,0
6272,0
6273,0
6274,0
6275,0
6276,0
6277,0
6278,0
6279,0
6280,0
6281,0
6282,0
6283,0
6284,0
6285,0
6286,0
6287,0
6288,0
6289,0
6290,0
6291,0
6292,0
6293,0
6294,0
6295,0
6296,0
6297,0
6298,0
6299,0
6300,0
6301,0
6302,0
6303,0
6304,0
6305,0
6306,0
6307,0
6308,0
6309,0
6310,0
6311,0
6312,0
6313,0
6314,0
6315,0
6316,0
6317,0
6318,0
6319,0
6320,0
6321,0
6322,0
6323,0
6324,0
6325,0
6326,0
6327,0
6328,0
6329,0
6330,0
6331,0
6332,0
6333,0
6334,0
6335,0
6336,0
6337,0
6338,0
6339,0
6340,0
6341,0
6342,0
6343,0
6344,0
6345,0
6346,0
6347,0
6348,0
6349,0
6350,0
6351,0
6352,0
6353,0
6354,0
6355,0
6356,0
6357,0
6358,0
6359,0
6360,0
6361,0
6362,0
6363,0
6364,0
6365,0
6366,0
6367,0
6368,0
6369,0
6370,0
6371,0
6372,0
6373,0
6374,0
6375,0
6376,0
6377,0
6378,0
6379,0
6380,0
6381,0
6382,0
6383,0
6384,0
6385,0
6386,0
6387,0
6388,0
6389,0
6390,0
6391,0
6392,0
6393,0
6394,0
6395,0
6396,0
6397,0
6398,0
6399,0
6400,0
6401,0
6402,0
6403,0
6404,0
6405,0
6406,0
6407,0
6408,0
6409,0
6410,0
6411,0
6412,0
6413,0
6414,0
6415,0
6416,0
6417,0
6418,0
6419,0
6420,0
6421,0
6422,0
6423,0
6424,0
6425,0
6426,0
6427,0
6428,0
6429,0
6430,0
6431,0
6432,0
6433,0
6434,0
6435,0
6436,0
6437,0
6438,0
6439,0
6440,0
6441,0
6442,0
6443,0
6444,0
6445,0
6446,0
6447,0
6448,0
6449,0
6450,0
6451,0
6452,0
6453,0
6454,0
6455,0
6456,0
6457,0
6458,0
6459,0
6460,0
6461,0
6462,0
6463,0
6464,0
6465,0
6466,0
6467,0
6468,0
6469,0
6470,0
6471,0
6472,0
6473,0
6474,0
6475,0
6476,0
6477,0
6478,0
6479,0
6480,0
6481,0
6482,0
6483,0
6484,0
6485,0
6486,0
6487,0
6488,0
6489,0
6490,0
6491,0
6492,0
6493,0
6494,0
6495,0
6496,0
6497,0
6498,0
6499,0
6500,0
6501,0
6502,0
6503,0
6504,0
6505,0
6506,0
6507,0
6508,0
6509,0
6510,0
6511,0
6512,0
6513,0
6514,0
6515,0
6516,0
6517,0
6518,0
6519,0
6520,0
6521,0
6522,0
6523,0
6524,0
6525,0
6526,0
6527,0
6528,0
6529,0
6530,0
6531,0
6532,0
6533,0
6534,0
6535,0
6536,0
6537,0
6538,0
6539,0
6540,0
6541,0
6542,0
6543,0
6544,0
6545,0
6546,0
6547,0
6548,0
6549,0
6550,0
6551,0
6552,0
6553,0
6554,0
6555,0
6556,0
6557,0
6558,0
6559,0
6560,0
6561,0
6562,0
6563,0
6564,0
6565,0
6566,0
6567,0
6568,0
6569,0
6570,0
6571,0
6572,0
6573,0
6574,0
6575,0
6576,0
6577,0
6578,0
6579,0
6580,0
6581,0
6582,0
6583,0
6584,0
6585,0
6586,0
6587,0
6588,0
6589,0
6590,0
6591,0
6592,0
6593,0
6594,0
6595,0
6596,0
6597,0
6598,0
6599,0
6600,0
6601,0
6602,0
6603,0
6604,0
6605,0
6606,0
6607,0
6608,0
6609,0
6610,0
6611,0
6612,0
6613,0
6614,0
6615,0
6616,0
6617,0
6618,0
6619,0
6620,0
6621,0
6622,0
6623,0
6624,0
6625,0
6626,0
6627,0
6628,0
6629,0
6630,0
6631,0
6632,0
6633,0
6634,0
6635,0
6636,0
6637,0
6638,0
6639,0
6640,0
6641,0
6642,0
6643,0
6644,0
6645,0
6646,0
6647,0
6648,0
6649,0
6650,0
6651,0
6652,0
6653,0
6654,0
6655,0
6656,0
6657,0
6658,0
6659,0
6660,0
6661,0
6662,0
6663,0
6664,0
6665,0
6666,0
6667,0
6668,0
6669,0
6670,0
6671,0
6672,0
6673,0
6674,0
6675,0
6676,0
6677,0
6678,0
6679,0
6680,0
6681,0
6682,0
6683,0
6684,0
6685,0
6686,0
6687,0
6688,0
6689,0
6690,0
6691,0
6692,0
6693,0
6694,0
6695,0
6696,0
6697,0
6698,0
6699,0
6700,0
6701,0
6702,0
6703,0
6704,0
6705,0
6706,0
6707,0
6708,0
6709,0
6710,0
6711,0
6712,0
6713,0
6714,0
6715,0
6716,0
6717,0
6718,0
6719,0
6720,0
6721,0
6722,0
6723,0
6724,0
6725,0
6726,0
6727,0
6728,0
6729,0
6730,0
6731,0
6732,0
6733,0
6734,0
6735,0
6736,0
6737,0
6738,0
6739,0
6740,0
6741,0
6742,0
6743,0
6744,0
6745,0
6746,0
6747,0
6748,0
6749,0
6750,0
6751,0
6752,0
6753,0
6754,0
6755,0
6756,0
6757,0
6758,0
6759,0
6760,0
6761,0
6762,0
6763,0
6764,0
6765,0
6766,0
6767,0
6768,0
6769,0
6770,0
6771,0
6772,0
6773,0
6774,0
6775,0
6776,0
6777,0
6778,0
6779,0
6780,0
6781,0
6782,0
6783,0
6784,0
6785,0
6786,0
6787,0
6788,0
6789,0
6790,0
6791,0
6792,0
6793,0
6794,0
6795,0
6796,0
6797,0
6798,0
6799,0
6800,0
6801,0
6802,0
6803,0
6804,0
6805,0
6806,0
6807,0
6808,0
6809,0
6810,0
6811,0
6812,0
6813,0
6814,0
6815,0
6816,0
6817,0
6818,0
6819,0
6820,0
6821,0
6822,0
6823,0
6824,0
6825,0
6826,0
6827,0
6828,0
6829,0
6830,0
6831,0
6832,0
6833,0
6834,0
6835,0
6836,0
6837,0
6838,0
6839,0
6840,0
6841,0
6842,0
6843,0
6844,0
6845,0
6846,0
6847,0
6848,0
6849,0
6850,0
6851,0
6852,0
6853,0
6854,0
6855,0
6856,0
6857,0
6858,0
6859,0
6860,0
6861,0
6862,0
6863,0
6864,0
6865,0
6866,0
6867,0
6868,0
6869,0
6870,0
6871,0
6872,0
6873,0
6874,0
6875,0
6876,0
6877,0
6878,0
6879,0
6880,0
6881,0
6882,0
6883,0
6884,0
6885,0
6886,0
6887,0
6888,0
6889,0
6890,0
6891,0
6892,0
6893,0
6894,0
6895,0
6896,0
6897,0
6898,0
6899,0
6900,0
6901,0
6902,0
6903,0
6904,0
6905,0
6906,0
6907,0
6908,0
6909,0
6910,0
6911,0
6912,0
6913,0
6914,0
6915,0
6916,0
6917,0
6918,0
6919,0
6920,0
6921,0
6922,0
6923,0
6924,0
6925,0
6926,0
6927,0
6928,0
6929,0
6930,0
6931,0
6932,0
6933,0
6934,0
6935,0
6936,0
6937,0
6938,0
6939,0
6940,0
6941,0
6942,0
6943,0
6944,0
6945,0
6946,0
6947,0
6948,0
6949,0
6950,0
6951,0
6952,0
6953,0
6954,0
6955,0
6956,0
6957,0
6958,0
6959,0
6960,0
6961,0
6962,0
6963,0
6964,0
6965,0
6966,0
6967,0
6968,0
6969,0
6970,0
6971,0
6972,0
6973,0
6974,0
6975,0
6976,0
6977,0
6978,0
6979,0
6980,0
6981,0
6982,0
6983,0
6984,0
6985,0
6986,0
6987,0
6988,0
6989,0
6990,0
6991,0
6992,0
6993,0
6994,0
6995,0
6996,0
6997,0
6998,0
6999,0
7000,0
7001,0
7002,0
7003,0
7004,0
7005,0
7006,0
7007,0
7008,0
7009,0
7010,0
7011,0
7012,0
7013,0
7014,0
7015,0
7016,0
7017,0
7018,0
7019,0
7020,0
7021,0
7022,0
7023,0
7024,0
7025,0
7026,0
7027,0
7028,0
7029,0
7030,0
7031,0
7032,0
7033,0
7034,0
7035,0
7036,0
7037,0
7038,0
7039,0
7040,0
7041,0
7042,0
7043,0
7044,0
7045,0
7046,0
7047,0
7048,0
7049,0
7050,0
7051,0
7052,0
7053,0
7054,0
7055,0
7056,0
7057,0
7058,0
7059,0
7060,0
7061,0
7062,0
7063,0
7064,0
7065,0
7066,0
7067,0
7068,0
7069,0
7070,0
7071,0
7072,0
7073,0
7074,0
7075,0
7076,0
7077,0
7078,0
7079,0
7080,0
7081,0
7082,0
7083,0
7084,0
7085,0
7086,0
7087,0
7088,0
7089,0
7090,0
7091,0
7092,0
7093,0
7094,0
7095,0
7096,0
7097,0
7098,0
7099,0
7100,0
7101,0
7102,0
7103,0
7104,0
7105,0
7106,0
7107,0
7108,0
7109,0
7110,0
7111,0
7112,0
7113,0
7114,0
7115,0
7116,0
7117,0
7118,0
7119,0
7120,0
7121,0
7122,0
7123,0
7124,0
7125,0
7126,0
7127,0
7128,0
7129,0
7130,0
7131,0
7132,0
7133,0
7134,0
7135,0
7136,0
7137,0
7138,0
7139,0
7140,0
7141,0
7142,0
7143,0
7144,0
7145,0
7146,0
7147,0
7148,0
7149,0
7150,0
7151,0
7152,0
7153,0
7154,0
7155,0
7156,0
7157,0
7158,0
7159,0
7160,0
7161,0
7162,0
7163,0
7164,0
7165,0
7166,0
7167,0
7168,0
7169,0
7170,0
7171,0
7172,0
7173,0
7174,0
7175,0
7176,0
7177,0
7178,0
7179,0
7180,0
7181,0
7182,0
7183,0
7184,0
7185,0
7186,0
7187,0
7188,0
7189,0
7190,0
7191,0
7192,0
7193,0
7194,0
7195,0
7196,0
7197,0
7198,0
7199,0
7200,0
7201,0
7202,0
7203,0
7204,0
7205,0
7206,0
7207,0
7208,0
7209,0
7210,0
7211,0
7212,0
7213,0
7214,0
7215,0
7216,0
7217,0
7218,0
7219,0
7220,0
7221,0
7222,0
7223,0
7224,0
7225,0
7226,0
7227,0
7228,0
7229,0
7230,0
7231,0
7232,0
7233,0
7234,0
7235,0
7236,0
7237,0
7238,0
7239,0
7240,0
7241,0
7242,0
7243,0
7244,0
7245,0
7246,0
7247,0
7248,0
7249,0
7250,0
7251,0
7252,0
7253,0
7254,0
7255,0
7256,0
7257,0
7258,0
7259,0
7260,0
7261,0
7262,0
7263,0
7264,0
7265,0
7266,0
7267,0
7268,0
7269,0
7270,0
7271,0
7272,0
7273,0
7274,0
7275,0
7276,0
7277,0
7278,0
7279,0
7280,0
7281,0
7282,0
7283,0
7284,0
7285,0
7286,0
7287,0
7288,0
7289,0
7290,0
7291,0
7292,0
7293,0
7294,0
7295,0
7296,0
7297,0
7298,0
7299,0
7300,0
7301,0
7302,0
7303,0
7304,0
7305,0
7306,0
7307,0
7308,0
7309,0
7310,0
7311,0
7312,0
7313,0
7314,0
7315,0
7316,0
7317,0
7318,0
7319,0
7320,0
7321,0
7322,0
7323,0
7324,0
7325,0
7326,0
7327,0
7328,0
7329,0
7330,0
7331,0
7332,0
7333,0
7334,0
7335,0
7336,0
7337,0
7338,0
7339,0
7340,0
7341,0
7342,0
7343,0
7344,0
7345,0
7346,0
7347,0
7348,0
7349,0
7350,0
7351,0
7352,0
7353,0
7354,0
7355,0
7356,0
7357,0
7358,0
7359,0
7360,0
7361,0
7362,0
7363,0
7364,0
7365,0
7366,0
7367,0
7368,0
7369,0
7370,0
7371,0
7372,0
7373,0
7374,0
7375,0
7376,0
7377,0
7378,0
7379,0
7380,0
7381,0
7382,0
7383,0
7384,0
7385,0
7386,0
7387,0
7388,0
7389,0
7390,0
7391,0
7392,0
7393,0
7394,0
7395,0
7396,0
7397,0
7398,0
7399,0
7400,0
7401,0
7402,0
7403,0
7404,0
7405,0
7406,0
7407,0
7408,0
7409,0
7410,0
7411,0
7412,0
7413,0
7414,0
7415,0
7416,0
7417,0
7418,0
7419,0
7420,0
7421,0
7422,0
7423,0
7424,0
7425,0
7426,0
7427,0
7428,0
7429,0
7430,0
7431,0
7432,0
7433,0
7434,0
7435,0
7436,0
7437,0
7438,0
7439,0
7440,0
7441,0
7442,0
7443,0
7444,0
7445,0
7446,0
7447,0
7448,0
7449,0
7450,0
7451,0
7452,0
7453,0
7454,0
7455,0
7456,0
7457,0
7458,0
7459,0
7460,0
7461,0
7462,0
7463,0
7464,0
7465,0
7466,0
7467,0
7468,0
7469,0
7470,0
7471,0
7472,0
7473,0
7474,0
7475,0
7476,0
7477,0
7478,0
7479,0
7480,0
7481,0
7482,0
7483,0
7484,0
7485,0
7486,0
7487,0
7488,0
7489,0
7490,0
7491,0
7492,0
7493,0
7494,0
7495,0
7496,0
7497,0
7498,0
7499,0
7500,0
7501,0
7502,0
7503,0
7504,0
7505,0
7506,0
7507,0
7508,0
7509,0
7510,0
7511,0
7512,0
7513,0
7514,0
7515,0
7516,0
7517,0
7518,0
7519,0
7520,0
7521,0
7522,0
7523,0
7524,0
7525,0
7526,0
7527,0
7528,0
7529,0
7530,0
7531,0
7532,0
7533,0
7534,0
7535,0
7536,0
7537,0
7538,0
7539,0
7540,0
7541,0
7542,0
7543,0
7544,0
7545,0
7546,0
7547,0
7548,0
7549,0
7550,0
7551,0
7552,0
7553,0
7554,0
7555,0
7556,0
7557,0
7558,0
7559,0
7560,0
7561,0
7562,0
7563,0
7564,0
7565,0
7566,0
7567,0
7568,0
7569,0
7570,0
7571,0
7572,0
7573,0
7574,0
7575,0
7576,0
7577,0
7578,0
7579,0
7580,0
7581,0
7582,0
7583,0
7584,0
7585,0
7586,0
7587,0
7588,0
7589,0
7590,0
7591,0
7592,0
7593,0
7594,0
7595,0
7596,0
7597,0
7598,0
7599,0
7600,0
7601,0
7602,0
7603,0
7604,0
7605,0
7606,0
7607,0
7608,0
7609,0
7610,0
7611,0
7612,0
7613,0
7614,0
7615,0
7616,0
7617,0
7618,0
7619,0
7620,0
7621,0
7622,0
7623,0
7624,0
7625,0
7626,0
7627,0
7628,0
7629,0
7630,0
7631,0
7632,0
7633,0
7634,0
7635,0
7636,0
7637,0
7638,0
7639,0
7640,0
7641,0
7642,0
7643,0
7644,0
7645,0
7646,0
7647,0
7648,0
7649,0
7650,0
7651,0
7652,0
7653,0
7654,0
7655,0
7656,0
7657,0
7658,0
7659,0
7660,0
7661,0
7662,0
7663,0
7664,0
7665,0
7666,0
7667,0
7668,0
7669,0
7670,0
7671,0
7672,0
7673,0
7674,0
7675,0
7676,0
7677,0
7678,0
7679,0
7680,0
7681,0
7682,0
7683,0
7684,0
7685,0
7686,0
7687,0
7688,0
7689,0
7690,0
7691,0
7692,0
7693,0
7694,0
7695,0
7696,0
7697,0
7698,0
7699,0
7700,0
7701,0
7702,0
7703,0
7704,0
7705,0
7706,0
7707,0
7708,0
7709,0
7710,0
7711,0
7712,0
7713,0
7714,0
7715,0
7716,0
7717,0
7718,0
7719,0
7720,0
7721,0
7722,0
7723,0
7724,0
7725,0
7726,0
7727,0
7728,0
7729,0
7730,0
7731,0
7732,0
7733,0
7734,0
7735,0
7736,0
7737,0
7738,0
7739,0
7740,0
7741,0
7742,0
7743,0
7744,0
7745,0
7746,0
7747,0
7748,0
7749,0
7750,0
7751,0
7752,0
7753,0
7754,0
7755,0
7756,0
7757,0
7758,0
7759,0
7760,0
7761,0
7762,0
7763,0
7764,0
7765,0
7766,0
7767,0
7768,0
7769,0
7770,0
7771,0
7772,0
7773,0
7774,0
7775,0
7776,0
7777,0
7778,0
7779,0
7780,0
7781,0
7782,0
7783,0
7784,0
7785,0
7786,0
7787,0
7788,0
7789,0
7790,0
7791,0
7792,0
7793,0
7794,0
7795,0
7796,0
7797,0
7798,0
7799,0
7800,0
7801,0
7802,0
7803,0
7804,0
7805,0
7806,0
7807,0
7808,0
7809,0
7810,0
7811,0
7812,0
7813,0
7814,0
7815,0
7816,0
7817,0
7818,0
7819,0
7820,0
7821,0
7822,0
7823,0
7824,0
7825,0
7826,0
7827,0
7828,0
7829,0
7830,0
7831,0
7832,0
7833,0
7834,0
7835,0
7836,0
7837,0
7838,0
7839,0
7840,0
7841,0
7842,0
7843,0
7844,0
7845,0
7846,0
7847,0
7848,0
7849,0
7850,0
7851,0
7852,0
7853,0
7854,0
7855,0
7856,0
7857,0
7858,0
7859,0
7860,0
7861,0
7862,0
7863,0
7864,0
7865,0
7866,0
7867,0
7868,0
7869,0
7870,0
7871,0
7872,0
7873,0
7874,0
7875,0
7876,0
7877,0
7878,0
7879,0
7880,0
7881,0
7882,0
7883,0
7884,0
7885,0
7886,0
7887,0
7888,0
7889,0
7890,0
7891,0
7892,0
7893,0
7894,0
7895,0
7896,0
7897,0
7898,0
7899,0
7900,0
7901,0
7902,0
7903,0
7904,0
7905,0
7906,0
7907,0
7908,0
7909,0
7910,0
7911,0
7912,0
7913,0
7914,0
7915,0
7916,0
7917,0
7918,0
7919,0
7920,0
7921,0
7922,0
7923,0
7924,0
7925,0
7926,0
7927,0
7928,0
7929,0
7930,0
7931,0
7932,0
7933,0
7934,0
7935,0
7936,0
7937,0
7938,0
7939,0
7940,0
7941,0
7942,0
7943,0
7944,0
7945,0
7946,0
7947,0
7948,0
7949,0
7950,0
7951,0
7952,0
7953,0
7954,0
7955,0
7956,0
7957,0
7958,0
7959,0
7960,0
7961,0
7962,0
7963,0
7964,0
7965,0
7966,0
7967,0
7968,0
7969,0
7970,0
7971,0
7972,0
7973,0
7974,0
7975,0
7976,0
7977,0
7978,0
7979,0
7980,0
7981,0
7982,0
7983,0
7984,0
7985,0
7986,0
7987,0
7988,0
7989,0
7990,0
7991,0
7992,0
7993,0
7994,0
7995,0
7996,0
7997,0
7998,0
7999,0
8000,0
8001,0
8002,0
8003,0
8004,0
8005,0
8006,0
8007,0
8008,0
8009,0
8010,0
8011,0
8012,0
8013,0
8014,0
8015,0
8016,0
8017,0
8018,0
8019,0
8020,0
8021,0
8022,0
8023,0
8024,0
8025,0
8026,0
8027,0
8028,0
8029,0
8030,0
8031,0
8032,0
8033,0
8034,0
8035,0
8036,0
8037,0
8038,0
8039,0
8040,0
8041,0
8042,0
8043,0
8044,0
8045,0
8046,0
8047,0
8048,0
8049,0
8050,0
8051,0
8052,0
8053,0
8054,0
8055,0
8056,0
8057,0
8058,0
8059,0
8060,0
8061,0
8062,0
8063,0
8064,0
8065,0
8066,0
8067,0
8068,0
8069,0
8070,0
8071,0
8072,0
8073,0
8074,0
8075,0
8076,0
8077,0
8078,0
8079,0
8080,0
8081,0
8082,0
8083,0
8084,0
8085,0
8086,0
8087,0
8088,0
8089,0
8090,0
8091,0
8092,0
8093,0
8094,0
8095,0
8096,0
8097,0
8098,0
8099,0
8100,0
8101,0
8102,0
8103,0
8104,0
8105,0
8106,0
8107,0
8108,0
8109,0
8110,0
8111,0
8112,0
8113,0
8114,0
8115,0
8116,0
8117,0
8118,0
8119,0
8120,0
8121,0
8122,0
8123,0
8124,0
8125,0
8126,0
8127,0
8128,0
8129,0
8130,0
8131,0
8132,0
8133,0
8134,0
8135,0
8136,0
8137,0
8138,0
8139,0
8140,0
8141,0
8142,0
8143,0
8144,0
8145,0
8146,0
8147,0
8148,0
8149,0
8150,0
8151,0
8152,0
8153,0
8154,0
8155,0
8156,0
8157,0
8158,0
8159,0
8160,0
8161,0
8162,0
8163,0
8164,0
8165,0
8166,0
8167,0
8168,0
8169,0
8170,0
8171,0
8172,0
8173,0
8174,0
8175,0
8176,0
8177,0
8178,0
8179,0
8180,0
8181,0
8182,0
8183,0
8184,0
8185,0
8186,0
8187,0
8188,0
8189,0
8190,0
8191,0
8192,0
8193,0
8194,0
8195,0
8196,0
8197,0
8198,0
8199,0
8200,0
8201,0
8202,0
8203,0
8204,0
8205,0
8206,0
8207,0
8208,0
8209,0
8210,0
8211,0
8212,0
8213,0
8214,0
8215,0
8216,0
8217,0
8218,0
8219,0
8220,0
8221,0
8222,0
8223,0
8224,0
8225,0
8226,0
8227,0
8228,0
8229,0
8230,0
8231,0
8232,0
8233,0
8234,0
8235,0
8236,0
8237,0
8238,0
8239,0
8240,0
8241,0
8242,0
8243,0
8244,0
8245,0
8246,0
8247,0
8248,0
8249,0
8250,0
8251,0
8252,0
8253,0
8254,0
8255,0
8256,0
8257,0
8258,0
8259,0
8260,0
8261,0
8262,0
8263,0
8264,0
8265,0
8266,0
8267,0
8268,0
8269,0
8270,0
8271,0
8272,0
8273,0
8274,0
8275,0
8276,0
8277,0
8278,0
8279,0
8280,0
8281,0
8282,0
8283,0
8284,0
8285,0
8286,0
8287,0
8288,0
8289,0
8290,0
8291,0
8292,0
8293,0
8294,0
8295,0
8296,0
8297,0
8298,0
8299,0
8300,0
8301,0
8302,0
8303,0
8304,0
8305,0
8306,0
8307,0
8308,0
8309,0
8310,0
8311,0
8312,0
8313,0
8314,0
8315,0
8316,0
8317,0
8318,0
8319,0
8320,0
8321,0
8322,0
8323,0
8324,0
8325,0
8326,0
8327,0
8328,0
8329,0
8330,0
8331,0
8332,0
8333,0
8334,0
8335,0
8336,0
8337,0
8338,0
8339,0
8340,0
8341,0
8342,0
8343,0
8344,0
8345,0
8346,0
8347,0
8348,0
8349,0
8350,0
8351,0
8352,0
8353,0
8354,0
8355,0
8356,0
8357,0
8358,0
8359,0
8360,0
8361,0
8362,0
8363,0
8364,0
8365,0
8366,0
8367,0
8368,0
8369,0
8370,0
8371,0
8372,0
8373,0
8374,0
8375,0
8376,0
8377,0
8378,0
8379,0
8380,0
8381,0
8382,0
8383,0
8384,0
8385,0
8386,0
8387,0
8388,0
8389,0
8390,0
8391,0
8392,0
8393,0
8394,0
8395,0
8396,0
8397,0
8398,0
8399,0
8400,0
8401,0
8402,0
8403,0
8404,0
8405,0
8406,0
8407,0
8408,0
8409,0
8410,0
8411,0
8412,0
8413,0
8414,0
8415,0
8416,0
8417,0
8418,0
8419,0
8420,0
8421,0
8422,0
8423,0
8424,0
8425,0
8426,0
8427,0
8428,0
8429,0
8430,0
8431,0
8432,0
8433,0
8434,0
8435,0
8436,0
8437,0
8438,0
8439,0
8440,0
8441,0
8442,0
8443,0
8444,0
8445,0
8446,0
8447,0
8448,0
8449,0
8450,0
8451,0
8452,0
8453,0
8454,0
8455,0
8456,0
8457,0
8458,0
8459,0
8460,0
8461,0
8462,0
8463,0
8464,0
8465,0
8466,0
8467,0
8468,0
8469,0
8470,0
8471,0
8472,0
8473,0
8474,0
8475,0
8476,0
8477,0
8478,0
8479,0
8480,0
8481,0
8482,0
8483,0
8484,0
8485,0
8486,0
8487,0
8488,0
8489,0
8490,0
8491,0
8492,0
8493,0
8494,0
8495,0
8496,0
8497,0
8498,0
8499,0
8500,0
8501,0
8502,0
8503,0
8504,0
8505,0
8506,0
8507,0
8508,0
8509,0
8510,0
8511,0
8512,0
8513,0
8514,0
8515,0
8516,0
8517,0
8518,0
8519,0
8520,0
8521,0
8522,0
8523,0
8524,0
8525,0
8526,0
8527,0
8528,0
8529,0
8530,0
8531,0
8532,0
8533,0
8534,0
8535,0
8536,0
8537,0
8538,0
8539,0
8540,0
8541,0
8542,0
8543,0
8544,0
8545,0
8546,0
8547,0
8548,0
8549,0
8550,0
8551,0
8552,0
8553,0
8554,0
8555,0
8556,0
8557,0
8558,0
8559,0
8560,0
8561,0
8562,0
8563,0
8564,0
8565,0
8566,0
8567,0
8568,0
8569,0
8570,0
8571,0
8572,0
8573,0
8574,0
8575,0
8576,0
8577,0
8578,0
8579,0
8580,0
8581,0
8582,0
8583,0
8584,0
8585,0
8586,0
8587,0
8588,0
8589,0
8590,10
8591,0
8592,0
8593,0
8594,0
8595,0
8596,0
8597,0
8598,0
8599,0
8600,0
8601,0
8602,0
8603,0
8604,0
8605,0
8606,0
8607,0
8608,0
8609,0
8610,0
8611,0
8612,0
8613,0
8614,0
8615,0
8616,0
8617,0
8618,0
8619,0
8620,0
8621,0
8622,0
8623,0
8624,0
8625,0
8626,0
8627,0
8628,0
8629,0
8630,0
8631,0
8632,0
8633,0
8634,0
8635,0
8636,0
8637,0
8638,0
8639,0
8640,0
8641,0
8642,0
8643,0
8644,0
8645,0
8646,0
8647,0
8648,0
8649,0
8650,0
8651,0
8652,0
8653,0
8654,0
8655,0
8656,0
8657,0
8658,0
8659,0
8660,0
8661,0
8662,0
8663,0
8664,0
8665,0
8666,0
8667,0
8668,0
8669,0
8670,0
8671,0
8672,0
8673,0
8674,0
8675,0
8676,0
8677,0
8678,0
8679,0
8680,0
8681,0
8682,0
8683,0
8684,0
8685,0
8686,0
8687,0
8688,0
8689,0
8690,0
8691,0
8692,0
8693,0
8694,0
8695,0
8696,0
8697,0
8698,0
8699,0
8700,0
8701,0
8702,0
8703,0
8704,0
8705,0
8706,0
8707,0
8708,0
8709,0
8710,0
8711,0
8712,0
8713,0
8714,0
8715,0
8716,0
8717,0
8718,0
8719,0
8720,0
8721,0
8722,0
8723,0
8724,0
8725,0
8726,0
8727,0
8728,0
8729,0
8730,0
8731,0
8732,0
8733,0
8734,0
8735,0
8736,0
8737,0
8738,0
8739,0
8740,0
8741,0
8742,0
8743,0
8744,0
8745,0
8746,0
8747,0
8748,0
8749,0
8750,0
8751,0
8752,0
8753,0
8754,0
8755,0
8756,0
8757,0
8758,0
8759,0
8760,0
8761,0
8762,0
8763,0
8764,0
8765,0
8766,0
8767,0
8768,0
8769,0
8770,0
8771,0
8772,0
8773,0
8774,10
8775,0
8776,0
8777,0
8778,0
8779,0
8780,0
8781,0
8782,0
8783,0
8784,0
8785,0
8786,0
8787,0
8788,0
8789,0
8790,0
8791,0
8792,0
8793,0
8794,0
8795,0
8796,0
8797,0
8798,0
8799,0
8800,0
8801,0
8802,0
8803,0
8804,0
8805,0
8806,0
8807,0
8808,0
8809,0
8810,0
8811,0
8812,0
8813,0
8814,0
8815,0
8816,0
8817,0
8818,0
8819,0
8820,0
8821,0
8822,0
8823,0
8824,0
8825,0
8826,0
8827,0
8828,0
8829,0
8830,0
8831,0
8832,0
8833,0
8834,0
8835,0
8836,0
8837,0
8838,0
8839,0
8840,0
8841,0
8842,0
8843,0
8844,0
8845,0
8846,0
8847,0
8848,0
8849,0
8850,0
8851,0
8852,0
8853,0
8854,0
8855,0
8856,0
8857,0
8858,0
8859,0
8860,0
8861,0
8862,0
8863,0
8864,0
8865,0
8866,0
8867,0
8868,0
8869,0
8870,0
8871,0
8872,0
8873,0
8874,0
8875,0
8876,0
8877,0
8878,0
8879,0
8880,0
8881,0
8882,0
8883,0
8884,0
8885,0
8886,0
8887,0
8888,0
8889,0
8890,0
8891,0
8892,0
8893,0
8894,0
8895,0
8896,0
8897,0
8898,0
8899,0
8900,0
8901,0
8902,0
8903,0
8904,0
8905,0
8906,0
8907,0
8908,0
8909,0
8910,0
8911,0
8912,0
8913,0
8914,0
8915,0
8916,0
8917,0
8918,0
8919,0
8920,0
8921,0
8922,0
8923,0
8924,0
8925,0
8926,0
8927,0
8928,0
8929,0
8930,0
8931,0
8932,0
8933,0
8934,0
8935,0
8936,0
8937,0
8938,0
8939,0
8940,0
8941,0
8942,0
8943,0
8944,0
8945,0
8946,0
8947,0
8948,0
8949,0
8950,0
8951,0
8952,0
8953,0
8954,0
8955,0
8956,0
8957,0
8958,0
8959,0
8960,0
8961,0
8962,0
8963,0
8964,0
8965,0
8966,0
8967,0
8968,0
8969,0
8970,0
8971,0
8972,0
8973,0
8974,0
8975,0
8976,0
8977,0
8978,0
8979,0
8980,0
8981,0
8982,0
8983,0
8984,0
8985,0
8986,0
8987,0
8988,0
8989,0
8990,0
8991,0
8992,0
8993,0
8994,0
8995,0
8996,0
8997,0
8998,0
8999,0
9000,0
9001,0
9002,0
9003,0
9004,0
9005,0
9006,0
9007,0
9008,0
9009,0
9010,0
9011,0
9012,0
9013,0
9014,0
9015,0
9016,0
9017,0
9018,0
9019,0
9020,0
9021,0
9022,0
9023,0
9024,0
9025,0
9026,0
9027,0
9028,0
9029,0
9030,0
9031,0
9032,0
9033,0
9034,0
9035,0
9036,0
9037,0
9038,0
9039,0
9040,0
9041,0
9042,0
9043,0
9044,0
9045,0
9046,0
9047,0
9048,0
9049,0
9050,0
9051,0
9052,0
9053,0
9054,0
9055,0
9056,0
9057,0
9058,0
9059,0
9060,0
9061,0
9062,0
9063,0
9064,0
9065,0
9066,0
9067,0
9068,0
9069,0
9070,0
9071,0
9072,0
9073,0
9074,0
9075,0
9076,0
9077,0
9078,0
9079,0
9080,0
9081,0
9082,0
9083,0
9084,0
9085,0
9086,0
9087,0
9088,0
9089,0
9090,0
9091,0
9092,0
9093,0
9094,0
9095,0
9096,0
9097,0
9098,0
9099,0
9100,0
9101,0
9102,0
9103,0
9104,0
9105,0
9106,0
9107,0
9108,0
9109,0
9110,0
9111,0
9112,0
9113,0
9114,0
9115,0
9116,0
9117,0
9118,0
9119,0
9120,0
9121,0
9122,0
9123,0
9124,0
9125,0
9126,0
9127,0
9128,0
9129,0
9130,0
9131,0
9132,0
9133,0
9134,0
9135,0
9136,0
9137,0
9138,0
9139,0
9140,0
9141,0
9142,0
9143,0
9144,0
9145,0
9146,0
9147,0
9148,0
9149,0
9150,0
9151,0
9152,0
9153,0
9154,0
9155,0
9156,0
9157,0
9158,0
9159,0
9160,0
9161,0
9162,0
9163,0
9164,0
9165,0
9166,0
9167,0
9168,0
9169,0
9170,0
9171,0
9172,0
9173,0
9174,0
9175,0
9176,0
9177,0
9178,0
9179,0
9180,0
9181,0
9182,0
9183,0
9184,0
9185,0
9186,0
9187,0
9188,0
9189,0
9190,0
9191,0
9192,0
9193,0
9194,0
9195,0
9196,0
9197,0
9198,0
9199,0
9200,0
9201,0
9202,0
9203,0
9204,0
9205,0
9206,0
9207,0
9208,0
9209,0
9210,0
9211,0
9212,0
9213,0
9214,0
9215,0
9216,0
9217,0
9218,0
9219,0
9220,0
9221,0
9222,0
9223,0
9224,0
9225,0
9226,0
9227,0
9228,0
9229,0
9230,0
9231,0
9232,0
9233,0
9234,0
9235,0
9236,0
9237,0
9238,0
9239,0
9240,0
9241,0
9242,0
9243,0
9244,0
9245,0
9246,0
9247,0
9248,0
9249,0
9250,0
9251,0
9252,0
9253,0
9254,0
9255,0
9256,0
9257,0
9258,0
9259,0
9260,0
9261,0
9262,0
9263,0
9264,0
9265,0
9266,0
9267,0
9268,0
9269,0
9270,0
9271,0
9272,0
9273,0
9274,0
9275,0
9276,0
9277,0
9278,0
9279,0
9280,0
9281,0
9282,0
9283,0
9284,0
9285,0
9286,0
9287,0
9288,0
9289,0
9290,0
9291,0
9292,0
9293,0
9294,0
9295,0
9296,0
9297,0
9298,0
9299,0
9300,0
9301,0
9302,0
9303,0
9304,0
9305,0
9306,0
9307,0
9308,0
9309,0
9310,0
9311,0
9312,0
9313,0
9314,0
9315,0
9316,0
9317,0
9318,0
9319,0
9320,0
9321,0
9322,0
9323,0
9324,0
9325,0
9326,0
9327,0
9328,0
9329,0
9330,0
9331,0
9332,0
9333,0
9334,0
9335,0
9336,0
9337,0
9338,0
9339,0
9340,0
9341,0
9342,0
9343,0
9344,0
9345,0
9346,0
9347,0
9348,0
9349,0
9350,0
9351,0
9352,0
9353,0
9354,0
9355,0
9356,0
9357,0
9358,0
9359,0
9360,0
9361,0
9362,0
9363,0
9364,0
9365,0
9366,0
9367,0
9368,0
9369,0
9370,0
9371,0
9372,0
9373,0
9374,0
9375,0
9376,0
9377,0
9378,0
9379,0
9380,0
9381,0
9382,0
9383,0
9384,0
9385,0
9386,0
9387,0
9388,0
9389,0
9390,0
9391,0
9392,0
9393,0
9394,0
9395,0
9396,0
9397,0
9398,0
9399,0
9400,0
9401,0
9402,0
9403,0
9404,0
9405,0
9406,0
9407,0
9408,0
9409,0
9410,0
9411,0
9412,0
9413,0
9414,0
9415,0
9416,0
9417,0
9418,0
9419,0
9420,0
9421,0
9422,0
9423,0
9424,0
9425,0
9426,0
9427,0
9428,0
9429,0
9430,0
9431,0
9432,0
9433,0
9434,0
9435,0
9436,0
9437,0
9438,0
9439,0
9440,0
9441,0
9442,0
9443,0
9444,0
9445,0
9446,0
9447,0
9448,0
9449,0
9450,0
9451,0
9452,0
9453,0
9454,0
9455,0
9456,0
9457,0
9458,0
9459,0
9460,0
9461,0
9462,0
9463,0
9464,0
9465,0
9466,0
9467,0
9468,0
9469,0
9470,0
9471,0
9472,0
9473,0
9474,0
9475,0
9476,0
9477,0
9478,0
9479,0
9480,0
9481,0
9482,0
9483,0
9484,0
9485,0
9486,0
9487,0
9488,0
9489,0
9490,0
9491,0
9492,0
9493,0
9494,0
9495,0
9496,0
9497,0
9498,0
9499,0
9500,0
9501,0
9502,0
9503,0
9504,0
9505,0
9506,0
9507,0
9508,0
9509,0
9510,0
9511,0
9512,0
9513,0
9514,0
9515,0
9516,0
9517,0
9518,0
9519,0
9520,0
9521,0
9522,0
9523,0
9524,0
9525,0
9526,0
9527,0
9528,0
9529,0
9530,0
9531,0
9532,0
9533,0
9534,0
9535,0
9536,0
9537,0
9538,0
9539,0
9540,0
9541,0
9542,0
9543,0
9544,0
9545,0
9546,0
9547,0
9548,0
9549,0
9550,0
9551,0
9552,0
9553,0
9554,0
9555,0
9556,0
9557,0
9558,0
9559,0
9560,0
9561,0
9562,0
9563,0
9564,0
9565,0
9566,0
9567,0
9568,0
9569,0
9570,0
9571,0
9572,0
9573,0
9574,0
9575,0
9576,0
9577,0
9578,0
9579,0
9580,0
9581,0
9582,0
9583,0
9584,0
9585,0
9586,0
9587,0
9588,0
9589,0
9590,0
9591,0
9592,0
9593,0
9594,0
9595,0
9596,0
9597,0
9598,0
9599,0
9600,0
9601,0
9602,0
9603,0
9604,0
9605,0
9606,0
9607,0
9608,0
9609,0
9610,0
9611,0
9612,0
9613,0
9614,0
9615,0
9616,0
9617,0
9618,0
9619,0
9620,0
9621,0
9622,0
9623,0
9624,0
9625,0
9626,0
9627,0
9628,0
9629,0
9630,0
9631,0
9632,0
9633,0
9634,0
9635,0
9636,0
9637,0
9638,0
9639,0
9640,0
9641,0
9642,0
9643,0
9644,0
9645,0
9646,0
9647,0
9648,0
9649,0
9650,0
9651,0
9652,0
9653,0
9654,0
9655,0
9656,0
9657,0
9658,0
9659,0
9660,0
9661,0
9662,0
9663,0
9664,0
9665,0
9666,0
9667,0
9668,0
9669,0
9670,0
9671,0
9672,0
9673,0
9674,0
9675,0
9676,0
9677,0
9678,0
9679,0
9680,0
9681,0
9682,0
9683,0
9684,0
9685,0
9686,0
9687,0
9688,0
9689,0
9690,0
9691,0
9692,0
9693,0
9694,0
9695,0
9696,0
9697,0
9698,0
9699,0
9700,0
9701,0
9702,0
9703,0
9704,0
9705,0
9706,0
9707,0
9708,0
9709,0
9710,0
9711,0
9712,0
9713,0
9714,0
9715,0
9716,0
9717,0
9718,0
9719,0
9720,0
9721,0
9722,0
9723,0
9724,0
9725,0
9726,0
9727,0
9728,0
9729,0
9730,0
9731,0
9732,0
9733,0
9734,0
9735,0
9736,0
9737,0
9738,0
9739,0
9740,0
9741,0
9742,0
9743,0
9744,0
9745,0
9746,0
9747,0
9748,0
9749,0
9750,0
9751,0
9752,0
9753,0
9754,0
9755,0
9756,0
9757,0
9758,0
9759,0
9760,0
9761,0
9762,0
9763,0
9764,0
9765,0
9766,0
9767,0
9768,0
9769,0
9770,0
9771,0
9772,0
9773,0
9774,0
9775,0
9776,0
9777,0
9778,0
9779,0
9780,0
9781,0
9782,0
9783,0
9784,0
9785,0
9786,0
9787,0
9788,0
9789,0
9790,0
9791,0
9792,0
9793,0
9794,0
9795,0
9796,0
9797,0
9798,0
9799,0
9800,0
9801,0
9802,0
9803,0
9804,0
9805,0
9806,0
9807,0
9808,0
9809,0
9810,0
9811,0
9812,0
9813,0
9814,0
9815,0
9816,0
9817,0
9818,0
9819,0
9820,0
9821,0
9822,0
9823,0
9824,0
9825,0
9826,0
9827,0
9828,0
9829,0
9830,0
9831,0
9832,0
9833,0
9834,0
9835,0
9836,0
9837,0
9838,0
9839,0
9840,0
9841,0
9842,0
9843,0
9844,0
9845,0
9846,0
9847,0
9848,0
9849,0
9850,0
9851,0
9852,0
9853,0
9854,0
9855,0
9856,0
9857,0
9858,0
9859,0
9860,0
9861,0
9862,0
9863,0
9864,0
9865,0
9866,0
9867,0
9868,0
9869,0
9870,0
9871,0
9872,0
9873,0
9874,0
9875,0
9876,0
9877,0
9878,0
9879,0
9880,0
9881,0
9882,0
9883,0
9884,0
9885,0
9886,0
9887,0
9888,0
9889,0
9890,0
9891,0
9892,0
9893,0
9894,0
9895,0
9896,0
9897,0
9898,0
9899,0
9900,0
9901,0
9902,0
9903,0
9904,0
9905,0
9906,0
9907,0
9908,0
9909,0
9910,0
9911,0
9912,0
9913,0
9914,0
9915,0
9916,0
9917,0
9918,0
9919,0
9920,0
9921,0
9922,0
9923,0
9924,0
9925,0
9926,0
9927,0
9928,0
9929,0
9930,0
9931,0
9932,0
9933,0
9934,0
9935,0
9936,0
9937,0
9938,0
9939,0
9940,0
9941,0
9942,0
9943,0
9944,0
9945,0
9946,0
9947,0
9948,0
9949,0
9950,0
9951,0
9952,0
9953,0
9954,0
9955,0
9956,0
9957,0
9958,0
9959,0
9960,0
9961,0
9962,0
9963,0
9964,0
9965,0
9966,0
9967,0
9968,0
9969,0
9970,0
9971,0
9972,0
9973,0
9974,0
9975,0
9976,0
9977,0
9978,0
9979,0
9980,0
9981,0
9982,0
9983,0
9984,0
9985,0
9986,0
9987,0
9988,0
9989,0
9990,0
9991,0
9992,0
9993,0
9994,0
9995,0
9996,0
9997,0
9998,0
9999,0
